Loan ID,loanamount,hasexistingloan,existingloanamount,interestrate,Year,tenure,familysize,crop,area,matemp,mitemp,district
24405711,910000,no,0,7,2024,18,6,Maize,22,41.78,14.53,JAGTIAL
24535829,593000,yes,159000,7,2024,18,6,Maize,12.25,42.46,12.56,MAHABUBNAGAR
24217952,840000,yes,153000,7,2023,18,2,Groundnut,11,40.28,15.77,KARIMNAGAR
24252315,72000,yes,39000,7.5,2023,12,5,Chilli,1,41.68,13.9,WARANGAL RURAL
24982371,265000,yes,94000,7.25,2024,18,6,Bengal gram,6.75,42.9,11.65,VIKARABAD
24459783,123000,yes,112000,7.5,2024,18,4,Maize,9,43.97,13.51,WARANGAL RURAL
24404137,753000,no,0,7.5,2024,18,6,Bengal gram,11.75,44.22,11,JAGTIAL
24222579,241000,no,0,7.25,2024,18,5,Maize,7.5,41.02,13.29,KHAMMAM
24710581,398000,yes,165000,7.5,2023,12,7,Maize,8.25,42.28,15.34,MAHABUBNAGAR
24548242,1185000,no,0,7.15,2023,12,4,Groundnut,13.5,40.55,11.15,NALGONDA
24474564,1149000,no,0,7.25,2024,12,5,Paddy,20.5,44.49,10.1,MAHABUBABAD
24835831,209000,no,0,7.25,2023,12,5,Maize,8.25,43.25,11.28,MEDCHAL MALKAJG
24836326,1063000,no,0,7.25,2024,18,2,Paddy,16.25,41.17,11.71,ADILABAD
24410744,657000,no,0,7.25,2024,18,5,Groundnut,24.25,42.44,10.77,MANCHERIAL
24270584,862000,yes,78000,7,2023,12,4,Maize,12.75,41.12,11.67,WARANGAL RURAL
24939052,129000,no,0,7.5,2024,12,2,Chilli,8.25,40.93,10.03,RANGAREDDY
24704474,918000,yes,79000,7.5,2024,12,2,Maize,21,40.84,15.17,PEDDAPALLI
24641377,90000,yes,107000,7.5,2023,12,4,Maize,2.5,43.87,13.16,WARANGAL RURAL
24774343,596000,yes,145000,7.25,2023,18,2,Chilli,20.75,43.29,12.48,JOGULAMBA
24470775,425000,no,0,7.5,2024,18,4,Chilli,9,43.84,15.11,JANGAON
24845048,55000,no,0,7.5,2023,12,6,Maize,1.5,43.41,15.37,YADADRI
24987633,1022000,yes,112000,7.25,2023,18,2,Bengal gram,14.5,44.48,15.33,BHADRADRI
24355653,73000,yes,93000,7.5,2023,12,6,Groundnut,2.5,43.62,11.67,JAGTIAL
24706745,1162000,yes,170000,7.25,2023,12,2,Bengal gram,14.25,41.67,12.85,KHAMMAM
24954131,872000,yes,55000,7.25,2023,12,5,Maize,10.75,40.26,15.03,RANGAREDDY
24432752,713000,no,0,7.25,2023,18,7,Paddy,19,41.35,14.76,YADADRI
24530835,52000,no,0,7.25,2024,12,4,Chilli,1,42.38,15.31,VIKARABAD
24632165,1091000,no,0,7.15,2023,18,5,Chilli,21.75,43.61,12.36,MEDAK
24446110,1070000,yes,23000,7.5,2024,18,6,Paddy,22.25,44.33,10.36,NIRMAL
24697423,823000,no,0,7.5,2024,18,4,Groundnut,21.5,44.36,11.37,SIDDIPET
24541170,200000,no,0,7.15,2024,18,4,Groundnut,3.25,40.85,14.33,SIDDIPET
24470648,270000,yes,26000,7.5,2023,12,7,Maize,9.75,42.09,14.26,MEDAK
24656209,545000,no,0,7,2023,18,6,Maize,18.75,43.71,12.5,WARANGAL RURAL
24330131,305000,no,0,7.15,2024,18,4,Chilli,6,41.79,10.59,NIRMAL
24149811,116000,no,0,7,2024,12,4,Paddy,8.75,40.16,12.98,KHAMMAM
24824115,222000,no,0,7.15,2024,12,2,Paddy,6.25,44.07,13.05,NIZAMABAD
24573998,65000,no,0,7.15,2024,12,3,Bengal gram,1,41.16,12.1,HYDERABAD
24845895,307000,no,0,7.15,2023,18,5,Groundnut,5.5,43.58,13.14,KOMARAM BHEEM
24222144,774000,no,0,7.5,2024,18,3,Groundnut,22.5,42.39,12.5,NALGONDA
24283561,69000,yes,128000,7.5,2023,12,4,Maize,2.5,40.66,14.31,VIKARABAD
24184665,16000,yes,58000,7,2024,18,7,Maize,0.75,42.73,12.81,WARANGAL URBAN
24481567,599000,no,0,7,2023,18,7,Groundnut,23,44.25,10.73,BHADRADRI
24403648,578000,yes,185000,7.15,2023,12,3,Bengal gram,21.75,40.54,14.28,RAJANNA
24614591,811000,no,0,7.15,2024,18,7,Maize,19.25,42.26,10.63,RANGAREDDY
24936298,38000,yes,132000,7,2024,12,7,Maize,2.25,44.37,15.92,NALGONDA
24577428,1105000,no,0,7,2024,12,2,Bengal gram,18,40.06,10.4,SANGAREDDY
24749891,508000,no,0,7.15,2024,12,6,Chilli,18.25,40.3,13.6,SURYAPET
24327838,786000,no,0,7.15,2023,18,6,Groundnut,21.25,41.42,10.86,MEDAK
24373867,71000,no,0,7.15,2023,18,3,Paddy,1.75,41.79,13.62,SURYAPET
24537106,243000,yes,102000,7.15,2023,18,2,Paddy,7.5,42.86,11.28,RANGAREDDY
24510807,628000,yes,131000,7,2023,18,7,Paddy,24.5,44.6,12.19,MEDCHAL MALKAJG
24420290,722000,no,0,7.25,2023,12,7,Paddy,16,40.33,12.94,NIRMAL
24995104,1052000,yes,169000,7,2024,12,6,Paddy,19.25,41.21,14.37,NIRMAL
24814660,374000,yes,11000,7,2023,18,3,Chilli,8.5,43.51,11.79,MAHABUBABAD
24975573,352000,yes,199000,7.25,2024,12,3,Groundnut,6.25,44.92,14.64,RANGAREDDY
24171557,615000,no,0,7.25,2023,12,5,Maize,19.75,42.92,13.55,SIDDIPET
24251078,91000,no,0,7.5,2023,18,2,Paddy,1.25,42.45,12.68,JAYASHANKAR
24758920,285000,yes,38000,7.5,2024,18,5,Bengal gram,3.75,43.94,11.73,MAHABUBABAD
24161713,352000,no,0,7,2023,12,3,Paddy,8,41.53,10.68,JOGULAMBA
24720879,368000,yes,23000,7,2023,18,5,Chilli,3.5,43.25,15.38,WARANGAL URBAN
24145444,788000,yes,60000,7.25,2024,12,7,Groundnut,16.25,44.58,13.6,KHAMMAM
24871689,263000,no,0,7.25,2023,18,5,Bengal gram,6.25,40.15,11.26,WARANGAL RURAL
24670810,1194000,no,0,7.5,2024,12,3,Paddy,16.25,44.98,10.62,MAHABUBABAD
24213183,615000,no,0,7.5,2023,12,6,Chilli,19.5,41.62,11.43,MEDCHAL MALKAJG
24186904,917000,no,0,7.25,2024,18,4,Paddy,10.5,44.13,15.61,MAHABUBNAGAR
24120737,1150000,no,0,7,2023,12,6,Paddy,17.25,43.59,12.92,MAHABUBNAGAR
24621537,230000,no,0,7.15,2023,12,7,Bengal gram,7.25,41.21,11.92,MANCHERIAL
24784007,416000,yes,168000,7.25,2024,18,2,Chilli,5.25,41.36,13.23,JAYASHANKAR
24816713,221000,yes,122000,7.15,2024,18,6,Groundnut,9,41.94,14.95,NIRMAL
24454361,590000,no,0,7.15,2023,18,7,Chilli,24,42.53,15.89,KHAMMAM
24180163,209000,no,0,7,2023,18,3,Groundnut,6,43.03,11.67,KARIMNAGAR
24374278,952000,yes,97000,7,2023,12,5,Groundnut,18.5,43.57,13.44,RAJANNA
24147883,702000,no,0,7.15,2023,12,2,Groundnut,24.75,44.16,12.02,KARIMNAGAR
24862286,758000,no,0,7.5,2023,12,2,Groundnut,14.75,40.89,10.55,KARIMNAGAR
24186107,308000,no,0,7,2024,12,2,Chilli,9.5,43.15,12.69,ADILABAD
24949792,1126000,no,0,7.5,2024,12,5,Bengal gram,10.5,44.97,12.58,ADILABAD
24807171,729000,no,0,7.25,2023,18,7,Groundnut,13,43.25,13.65,MAHABUBNAGAR
24896213,655000,no,0,7.25,2024,12,6,Maize,17.5,44.36,13.89,PEDDAPALLI
24512556,608000,no,0,7.15,2024,12,5,Groundnut,24.25,42.83,13.21,PEDDAPALLI
24651545,575000,yes,188000,7.15,2023,18,7,Maize,10.25,42.32,14.96,SURYAPET
24509514,512000,no,0,7.25,2023,12,4,Paddy,14.5,42.2,15.81,WANAPARTHY
24636660,692000,no,0,7.25,2023,18,2,Groundnut,19,40.64,12.41,RAJANNA
24497636,321000,yes,42000,7.15,2024,18,3,Maize,5.25,43.75,11.01,NIRMAL
24997798,376000,yes,147000,7.25,2023,18,5,Groundnut,9.5,43.36,10.36,MEDCHAL MALKAJG
24969423,1140000,no,0,7,2024,12,2,Chilli,10.5,43.72,12.3,SANGAREDDY
24686367,442000,no,0,7,2024,18,5,Bengal gram,7.5,44.17,15.09,YADADRI
24310932,1010000,yes,52000,7.5,2024,18,7,Paddy,10.5,40.19,10.69,RANGAREDDY
24858915,848000,yes,177000,7.5,2024,18,5,Bengal gram,10.25,42.5,11.53,MAHABUBNAGAR
24883308,805000,yes,154000,7.15,2024,12,6,Bengal gram,22.5,44.71,10.54,NALGONDA
24238084,962000,yes,195000,7,2024,12,5,Chilli,14.5,44.58,15.66,SANGAREDDY
24371540,592000,no,0,7.15,2024,18,7,Maize,23.75,41.83,10.99,KHAMMAM
24605832,1103000,no,0,7.5,2024,18,3,Paddy,15.25,43.33,11.67,MANCHERIAL
24366062,399000,no,0,7,2024,12,4,Bengal gram,4.25,42.23,13.24,HYDERABAD
24109359,1074000,no,0,7,2023,12,4,Groundnut,14.5,41.18,12.35,ADILABAD
24478516,1009000,no,0,7.5,2024,12,5,Maize,11.25,41.99,12.39,KHAMMAM
24275331,897000,yes,176000,7.15,2024,12,5,Paddy,13.25,41.05,15.29,JOGULAMBA
24246199,11000,no,0,7.5,2024,12,5,Bengal gram,2.25,40.09,11.57,SANGAREDDY
24602479,158000,no,0,7.5,2024,18,4,Bengal gram,6,40.24,12.88,WANAPARTHY
24201261,391000,yes,46000,7.25,2023,18,7,Maize,9.75,42.18,13.16,JAGTIAL
24923669,1047000,yes,137000,7.15,2023,12,7,Groundnut,12.75,42.37,10.57,NIZAMABAD
24441845,38000,yes,17000,7.15,2023,18,5,Bengal gram,2,44.01,13.54,JOGULAMBA
24370896,700000,no,0,7.25,2023,12,7,Chilli,16.75,41.24,10.54,BHADRADRI
24208101,94000,no,0,7,2024,12,6,Chilli,1.5,40.01,10.25,BHADRADRI
24311113,841000,no,0,7.5,2024,18,5,Maize,17.25,40.18,12.44,JAYASHANKAR
24564547,1105000,no,0,7.5,2024,12,3,Paddy,22.5,43.45,10.64,BHADRADRI
24412768,696000,yes,25000,7.15,2023,12,3,Maize,11.75,43.59,11.26,BHADRADRI
24844543,95000,yes,76000,7.15,2024,18,4,Maize,1.75,44.41,13.31,JAGTIAL
24926565,843000,yes,60000,7.15,2023,12,3,Paddy,11,43.28,15.59,RANGAREDDY
24718078,659000,yes,96000,7,2023,18,4,Paddy,20.25,40.31,11.83,JAYASHANKAR
24862112,551000,no,0,7,2024,12,7,Paddy,15.25,42.79,12.94,VIKARABAD
24286225,755000,yes,98000,7.5,2023,18,3,Groundnut,15.25,43.91,12,NIRMAL
24333138,108000,yes,53000,7.25,2023,18,4,Bengal gram,9.25,40.22,13.92,BHADRADRI
24424900,216000,yes,78000,7.15,2024,18,2,Maize,9.5,40.27,10.98,JAGTIAL
24749122,536000,no,0,7.25,2024,12,3,Chilli,11,41.61,12.12,MANCHERIAL
24190928,651000,no,0,7.5,2023,18,7,Paddy,20.75,43.45,13.19,HYDERABAD
24706045,423000,yes,123000,7.5,2023,18,5,Paddy,5.25,42.29,11.98,MEDCHAL MALKAJG
24184355,938000,yes,99000,7.25,2024,18,4,Paddy,20,40.56,13.7,MAHABUBABAD
24724226,747000,yes,125000,7.15,2023,12,4,Bengal gram,11,43.06,14.91,BHADRADRI
24541898,30000,yes,144000,7.5,2023,12,6,Chilli,0.75,42.18,13.01,YADADRI
24952941,529000,no,0,7.5,2023,18,2,Maize,11.75,41.9,10.4,KHAMMAM
24317456,503000,yes,100000,7.15,2024,18,2,Bengal gram,19.5,42.87,13.46,WARANGAL RURAL
24568967,52000,no,0,7.5,2023,12,7,Groundnut,0.5,41.54,12.63,KHAMMAM
24124777,729000,yes,93000,7.5,2023,12,7,Chilli,14.25,40.85,14.66,MAHABUBABAD
24638112,336000,no,0,7.25,2023,12,5,Chilli,7.25,44.6,12.84,SURYAPET
24359978,195000,yes,134000,7,2024,12,4,Groundnut,3.75,40.59,15.87,NAGARKURNOOL
24495634,570000,no,0,7.5,2023,18,2,Maize,16.25,40.52,11.4,WARANGAL RURAL
24506059,1176000,no,0,7.5,2024,12,2,Chilli,24.25,41.71,14.72,SURYAPET
24440922,901000,no,0,7.25,2023,12,6,Paddy,12.75,41.33,15.06,KHAMMAM
24398367,1198000,yes,164000,7,2024,12,7,Maize,18.25,40.54,13.74,WARANGAL RURAL
24875867,997000,yes,194000,7,2024,12,5,Bengal gram,19,43.3,14.46,YADADRI
24423714,734000,yes,193000,7.25,2024,12,7,Groundnut,10.5,43.65,11.51,ADILABAD
24892953,82000,yes,187000,7.5,2024,18,5,Paddy,3,42.04,11.94,RAJANNA
24581378,1071000,yes,195000,7.15,2023,12,2,Paddy,12.25,43.46,12.44,JANGAON
24550110,175000,yes,177000,7.25,2024,18,3,Paddy,6.25,43.45,13.52,MAHABUBABAD
24961091,576000,no,0,7.25,2023,18,6,Bengal gram,24,44.68,11.69,JAGTIAL
24196990,681000,yes,68000,7,2024,12,3,Paddy,20,40.93,13.87,SIDDIPET
24884507,774000,no,0,7.25,2024,18,6,Chilli,19.25,42.76,11.25,SURYAPET
24208483,427000,yes,191000,7.15,2023,12,3,Paddy,9.25,40.17,11.32,MAHABUBNAGAR
24483570,695000,yes,177000,7.25,2023,18,5,Maize,14.5,41.66,12.07,HYDERABAD
24114254,361000,yes,85000,7.25,2023,12,7,Chilli,6.75,44.88,12.03,ADILABAD
24938371,781000,yes,111000,7,2024,12,7,Paddy,12.5,42.78,13.7,WARANGAL RURAL
24582452,728000,yes,108000,7.15,2024,12,7,Bengal gram,24.75,40.27,15.57,JANGAON
24137073,895000,no,0,7.15,2023,12,4,Paddy,10.75,42.2,14.88,SIDDIPET
24872658,173000,yes,26000,7.5,2024,12,5,Bengal gram,3.75,44.68,10.09,KOMARAM BHEEM
24334907,714000,no,0,7,2024,18,2,Chilli,23.75,43.93,12.37,JAGTIAL
24918217,1142000,no,0,7.15,2023,18,3,Chilli,11,44.49,12.14,WARANGAL URBAN
24164570,1186000,no,0,7.15,2023,18,7,Chilli,24.75,41.65,13.4,WARANGAL URBAN
24180577,1019000,no,0,7.25,2023,18,2,Chilli,20.75,44.47,12.15,MAHABUBABAD
24549572,408000,yes,102000,7.5,2023,12,5,Bengal gram,3.5,43.5,14.46,KHAMMAM
24516522,15000,yes,138000,7,2024,12,7,Maize,1,40.65,11.12,SANGAREDDY
24661238,325000,no,0,7.15,2024,12,3,Bengal gram,5.75,42.97,12.4,JAYASHANKAR
24440840,1073000,no,0,7.5,2023,12,6,Bengal gram,11,43.99,15.27,WARANGAL URBAN
24847531,48000,no,0,7,2024,12,4,Paddy,1.75,43.43,10.34,BHADRADRI
24344482,1019000,no,0,7.25,2024,18,7,Paddy,13,42.55,10.23,WARANGAL URBAN
24985043,779000,yes,189000,7.15,2024,12,5,Bengal gram,24.75,43.14,15.65,JAGTIAL
24965360,1089000,yes,135000,7.5,2024,18,5,Groundnut,18.75,42.62,14.86,KOMARAM BHEEM
24179904,1044000,yes,114000,7,2024,18,4,Maize,15.5,40.12,14.27,NAGARKURNOOL
24432982,823000,yes,115000,7.15,2024,18,5,Chilli,15.75,41.1,13.62,PEDDAPALLI
24527136,785000,yes,13000,7,2023,18,3,Chilli,17.5,42.96,11.78,BHADRADRI
24451014,1126000,no,0,7.25,2024,12,3,Chilli,21.75,42.84,10.66,JAGTIAL
24468915,390000,yes,19000,7.25,2024,12,5,Paddy,9.5,43.17,11.15,MANCHERIAL
24596814,266000,yes,42000,7.5,2024,18,3,Paddy,9.75,43.69,10.09,JANGAON
24474314,563000,no,0,7.5,2023,18,5,Maize,14,42.85,15.47,KARIMNAGAR
24474131,377000,no,0,7.15,2024,12,7,Maize,7.5,41.36,15.09,SIDDIPET
24478040,578000,yes,104000,7.5,2024,18,5,Bengal gram,14.5,44.95,10.95,YADADRI
24725084,848000,no,0,7.15,2024,18,6,Paddy,19.75,42.59,12.89,SURYAPET
24454792,620000,no,0,7,2024,12,4,Chilli,14.25,43.61,14.64,SURYAPET
24869613,1052000,no,0,7.15,2024,18,3,Bengal gram,10.5,40.65,12.78,JAYASHANKAR
24343998,1179000,yes,176000,7.25,2023,18,4,Groundnut,17.75,40.91,13.55,KOMARAM BHEEM
24965560,138000,yes,119000,7.25,2024,18,7,Groundnut,5.75,42.72,10.05,ADILABAD
24452893,37000,no,0,7.5,2024,18,6,Maize,0.75,40.36,11.13,JAGTIAL
24264610,533000,yes,142000,7.25,2023,18,2,Paddy,13.25,43.71,12.84,RAJANNA
24632574,401000,yes,109000,7.15,2023,12,5,Paddy,10,44.07,12.78,KARIMNAGAR
24471938,589000,yes,121000,7,2024,12,3,Groundnut,10.75,42.97,13.88,MANCHERIAL
24728587,770000,yes,87000,7.25,2024,12,2,Maize,21,40.87,12.62,ADILABAD
24230317,54000,yes,175000,7.25,2024,12,2,Maize,3,42.68,13.9,KOMARAM BHEEM
24884240,813000,yes,62000,7.15,2023,12,3,Paddy,14.5,41.48,14.81,JAYASHANKAR
24113640,53000,yes,179000,7.15,2024,12,7,Paddy,2.5,41.06,10.03,RAJANNA
24538879,678000,no,0,7.15,2023,18,2,Groundnut,16,42.12,10.82,KARIMNAGAR
24103912,1140000,yes,123000,7.15,2024,12,7,Chilli,22.5,42.17,13.66,MANCHERIAL
24281658,999000,yes,76000,7,2023,12,7,Maize,20.5,42.05,10.68,WANAPARTHY
24121752,1170000,no,0,7.15,2023,12,5,Paddy,22.25,40.27,14.1,HYDERABAD
24878420,168000,no,0,7.5,2023,12,7,Maize,8.5,43.98,12.15,ADILABAD
24946147,171000,yes,54000,7,2024,12,7,Chilli,9,41.29,15.37,SANGAREDDY
24582284,798000,yes,99000,7,2024,12,5,Groundnut,23.75,42.18,10.48,SURYAPET
24632285,919000,yes,122000,7.5,2024,12,7,Chilli,16.75,42.45,13.83,MAHABUBNAGAR
24546222,630000,yes,15000,7.25,2024,18,5,Groundnut,11.25,40.96,10.21,KAMAREDDY
24337507,568000,yes,182000,7.5,2024,12,6,Maize,24.25,41.51,13.65,NAGARKURNOOL
24170381,544000,yes,139000,7.25,2023,12,2,Bengal gram,17.25,43.01,10.05,MEDCHAL MALKAJG
24416412,210000,no,0,7.15,2024,12,5,Maize,7.25,41.49,13.18,NIZAMABAD
24864502,73000,yes,99000,7.25,2024,12,6,Bengal gram,1,40.96,12.19,WANAPARTHY
24431213,1028000,yes,85000,7.5,2024,18,5,Maize,19.75,42.71,13.93,NALGONDA
24954905,1142000,no,0,7,2023,18,5,Chilli,13.25,44.95,11.52,ADILABAD
24191757,1018000,yes,103000,7.5,2024,18,3,Groundnut,11.25,42.55,15,SIDDIPET
24727531,645000,yes,71000,7.15,2024,12,5,Maize,18.25,40.83,14.2,ADILABAD
24273584,1009000,yes,72000,7.15,2024,12,5,Paddy,20.75,43.56,13.8,MAHABUBABAD
24716597,999000,yes,91000,7.15,2023,12,5,Groundnut,18.5,40.55,13.03,KOMARAM BHEEM
24461582,551000,yes,164000,7.5,2024,12,5,Chilli,19.25,42.97,13.19,JOGULAMBA
24739001,939000,no,0,7.15,2024,12,5,Maize,23.5,42.46,11.88,NIRMAL
24470128,321000,no,0,7.25,2023,12,4,Groundnut,9.75,41.26,13.69,BHADRADRI
24772700,722000,yes,64000,7.15,2024,12,4,Paddy,24.25,43.76,10.59,NIZAMABAD
24101913,656000,yes,68000,7,2023,18,6,Groundnut,18,41.78,15.67,PEDDAPALLI
24545302,798000,no,0,7.15,2024,18,7,Maize,13.5,43.78,10.73,JAYASHANKAR
24113429,664000,no,0,7.25,2024,18,6,Paddy,22.75,40.92,11.73,NALGONDA
24224349,53000,no,0,7.5,2023,18,6,Maize,0.75,43.92,13.98,RANGAREDDY
24376051,190000,no,0,7,2023,12,4,Bengal gram,8,40.75,11.8,KOMARAM BHEEM
24921921,1159000,yes,13000,7.5,2024,18,7,Groundnut,21.5,40.27,15.61,MAHABUBNAGAR
24503304,143000,yes,41000,7.25,2024,18,6,Paddy,5.5,40.41,11.51,KHAMMAM
24215616,1147000,no,0,7.5,2024,18,3,Maize,20,40.19,10.24,NALGONDA
24770948,1033000,yes,168000,7.25,2024,18,2,Bengal gram,14.75,40.27,10.7,JAGTIAL
24924827,1174000,no,0,7.25,2024,18,3,Maize,23,43.13,12.46,KARIMNAGAR
24160155,508000,no,0,7.25,2023,12,2,Maize,12.25,43.52,11.69,HYDERABAD
24745241,56000,yes,77000,7.15,2024,18,7,Groundnut,3,44.71,11.44,KOMARAM BHEEM
24793574,161000,no,0,7.25,2023,18,2,Groundnut,8.25,41.64,12.07,YADADRI
24362613,806000,yes,23000,7.15,2024,18,5,Bengal gram,18.25,43.05,11.1,JOGULAMBA
24143295,975000,no,0,7.15,2024,18,6,Groundnut,11.5,40.37,11.02,ADILABAD
24174253,1152000,no,0,7.5,2024,12,2,Paddy,25,42.21,15.6,JANGAON
24740839,423000,no,0,7.5,2023,12,5,Bengal gram,7.5,42.66,12.9,JANGAON
24265560,756000,no,0,7.25,2024,12,3,Groundnut,16.75,40.7,15.12,MAHABUBNAGAR
24793400,177000,yes,61000,7.5,2024,18,5,Chilli,8,41.55,11.15,ADILABAD
24510191,476000,no,0,7,2023,18,2,Paddy,8.5,40.97,14.04,NIZAMABAD
24728777,1156000,yes,97000,7.5,2023,18,5,Maize,18.75,40.14,14.74,JAGTIAL
24348082,35000,no,0,7.25,2024,12,5,Paddy,1.25,44.97,10.09,RANGAREDDY
24246984,47000,no,0,7.5,2024,12,3,Paddy,2.75,42.99,14.66,YADADRI
24444271,563000,no,0,7.5,2024,12,3,Paddy,20.25,41.24,13.8,KAMAREDDY
24901547,794000,no,0,7.25,2024,12,7,Chilli,21.75,43.65,10.44,WARANGAL URBAN
24481094,261000,yes,153000,7.15,2023,18,2,Paddy,9,40.53,14.38,RANGAREDDY
24704271,1121000,yes,55000,7.5,2023,12,7,Chilli,20.75,42.87,14.29,SANGAREDDY
24283645,70000,yes,125000,7.15,2024,12,7,Chilli,1.5,42.23,14.88,NALGONDA
24325273,706000,no,0,7.5,2023,18,5,Groundnut,19.75,40.15,13.15,VIKARABAD
24351009,535000,no,0,7.15,2023,12,4,Chilli,22.75,43.51,10.8,RANGAREDDY
24557439,1121000,no,0,7.5,2023,12,5,Chilli,15.25,40.14,14.34,SIDDIPET
24863766,1053000,no,0,7.5,2023,12,2,Bengal gram,25,44.13,13.32,MAHABUBABAD
24635340,172000,yes,194000,7.15,2023,12,4,Chilli,8.75,41.64,11.53,HYDERABAD
24115741,288000,yes,12000,7.25,2024,12,7,Paddy,4.75,42.24,13.47,RAJANNA
24943800,535000,no,0,7.5,2024,12,5,Maize,24.75,43.2,14.75,MAHABUBNAGAR
24194275,742000,yes,125000,7,2023,18,3,Chilli,23.5,42.68,10.46,NAGARKURNOOL
24406130,1158000,yes,64000,7.5,2024,18,2,Chilli,15.5,42.55,15.29,HYDERABAD
24367247,598000,no,0,7,2023,18,5,Groundnut,18.5,40.3,12.27,WANAPARTHY
24746915,745000,no,0,7,2023,18,3,Groundnut,18.25,43.79,13.37,MAHABUBNAGAR
24659338,744000,no,0,7,2023,18,2,Paddy,14.5,44.45,13.22,RAJANNA
24494956,672000,yes,59000,7.15,2023,18,4,Bengal gram,15.25,44.45,15.97,SURYAPET
24417414,1077000,no,0,7.5,2023,18,4,Chilli,23,43.92,15.69,SURYAPET
24767939,245000,yes,23000,7.25,2024,12,2,Maize,5,44.57,11.65,KHAMMAM
24433526,662000,no,0,7.15,2024,12,7,Chilli,14.5,42.36,15.98,JAGTIAL
24473758,701000,no,0,7.15,2024,12,3,Bengal gram,22.75,42.67,15.62,ADILABAD
24278877,816000,yes,27000,7.25,2024,12,4,Bengal gram,22.25,44.64,11.98,WARANGAL URBAN
24775525,649000,no,0,7.5,2024,12,7,Maize,19.5,43.16,12.81,MANCHERIAL
24233847,909000,no,0,7.25,2024,12,2,Paddy,17,44.15,13.35,JAYASHANKAR
24839883,331000,yes,145000,7.25,2024,12,5,Chilli,4.25,44.28,11.22,NIRMAL
24655040,569000,no,0,7.15,2023,18,2,Chilli,18.75,40.86,11.95,JAGTIAL
24975531,317000,yes,190000,7,2024,12,2,Groundnut,10,40.62,15.58,KOMARAM BHEEM
24310536,135000,no,0,7.5,2024,18,2,Paddy,7.5,43.44,11.75,NIZAMABAD
24171892,370000,no,0,7.15,2023,12,3,Maize,4,42.82,12.5,MAHABUBNAGAR
24658218,13000,no,0,7.5,2024,18,6,Chilli,2,41.6,14.38,WANAPARTHY
24146774,164000,yes,36000,7.15,2023,12,7,Bengal gram,8.75,43.27,12.97,KHAMMAM
24390795,739000,yes,175000,7.25,2024,18,5,Paddy,17.25,43.07,13.04,NAGARKURNOOL
24425029,749000,no,0,7.5,2023,12,3,Bengal gram,23.25,42.41,11.07,JOGULAMBA
24247069,449000,no,0,7.15,2024,18,2,Bengal gram,4.75,41.71,14.4,VIKARABAD
24558396,1034000,yes,13000,7.5,2023,12,5,Chilli,14.75,41.64,11.58,MAHABUBNAGAR
24985359,667000,yes,80000,7,2024,12,3,Maize,14.75,42.77,11.88,MEDCHAL MALKAJG
24984200,506000,yes,121000,7,2023,12,4,Maize,16.75,42.88,12.34,JOGULAMBA
24698786,158000,no,0,7.5,2024,18,5,Maize,8,43.84,12.89,NALGONDA
24163003,1157000,no,0,7.5,2024,12,7,Chilli,17.5,42.92,12.25,JOGULAMBA
24448115,634000,no,0,7.5,2023,12,6,Groundnut,16.25,41.42,10.5,JAYASHANKAR
24527225,267000,no,0,7.5,2023,18,6,Maize,8.5,43.27,15.81,RANGAREDDY
24274743,760000,no,0,7.15,2024,18,5,Bengal gram,12.25,41.28,14.29,YADADRI
24563155,1184000,yes,180000,7.25,2024,18,5,Bengal gram,12.25,40.48,13.3,MAHABUBNAGAR
24904014,674000,yes,103000,7.15,2024,12,7,Groundnut,20.75,43.26,12.67,HYDERABAD
24916276,427000,no,0,7,2023,18,2,Paddy,6,41.5,13.23,WANAPARTHY
24184917,623000,yes,97000,7,2023,12,2,Chilli,12,44.38,12.55,ADILABAD
24138429,119000,no,0,7.15,2023,18,7,Chilli,6.75,40.59,15.89,NALGONDA
24443619,58000,yes,81000,7,2023,18,2,Bengal gram,1.5,44.57,12.32,SIDDIPET
24962755,689000,no,0,7.15,2023,18,5,Maize,15.75,42.34,11.19,KOMARAM BHEEM
24182727,34000,yes,118000,7,2023,18,6,Maize,2,41.24,10.46,WARANGAL URBAN
24422953,1127000,yes,163000,7.25,2024,12,4,Groundnut,10.75,42.33,11.83,WARANGAL RURAL
24757481,1142000,no,0,7.5,2023,18,6,Paddy,17.25,43.92,15.94,ADILABAD
24800713,537000,no,0,7,2024,12,2,Maize,19.5,40.7,12.77,JANGAON
24845347,403000,no,0,7.15,2023,12,3,Maize,5.5,41.75,13.14,KARIMNAGAR
24759246,938000,no,0,7.5,2023,18,6,Bengal gram,12.75,42.16,13.69,NIRMAL
24665978,505000,yes,115000,7.15,2023,18,2,Maize,23.75,41.25,12.34,MANCHERIAL
24319058,391000,yes,92000,7.5,2024,18,7,Chilli,7.25,42.99,12.25,WARANGAL RURAL
24836108,708000,no,0,7.5,2023,12,5,Maize,12.25,41.07,10.16,KAMAREDDY
24175523,842000,no,0,7.5,2024,12,7,Maize,24,41.63,13.5,KARIMNAGAR
24871871,360000,yes,176000,7.25,2024,18,4,Paddy,7.5,43.13,10.95,NAGARKURNOOL
24213417,605000,no,0,7,2023,18,3,Chilli,16.25,43.95,11.33,RANGAREDDY
24488490,333000,no,0,7.15,2023,18,6,Groundnut,9.75,42.32,15.44,KOMARAM BHEEM
24226491,113000,yes,22000,7,2023,12,2,Chilli,3.75,42.51,15.39,MEDCHAL MALKAJG
24182119,717000,no,0,7.25,2024,18,6,Groundnut,12.75,43.61,14.06,PEDDAPALLI
24592967,23000,yes,67000,7.15,2024,18,4,Paddy,2.75,43.9,13.19,NAGARKURNOOL
24236253,505000,no,0,7.25,2023,12,3,Paddy,14.25,40.41,12.83,RAJANNA
24143349,211000,no,0,7.5,2023,18,6,Bengal gram,7,41.33,11.49,SANGAREDDY
24307650,464000,no,0,7.15,2023,12,4,Paddy,6.75,43.56,15.13,BHADRADRI
24273986,536000,yes,105000,7,2024,18,3,Maize,18.5,43.6,12.31,HYDERABAD
24301816,646000,no,0,7.5,2024,18,6,Chilli,24.75,42.59,15.78,NAGARKURNOOL
24696001,1172000,yes,110000,7.15,2023,12,2,Groundnut,20.25,44.55,12.45,VIKARABAD
24606501,870000,yes,173000,7.5,2023,18,4,Chilli,16,42.01,15.02,MAHABUBABAD
24294792,861000,no,0,7.5,2023,12,2,Chilli,11.5,43.66,15.33,SIDDIPET
24301471,149000,no,0,7.25,2024,18,4,Chilli,9,42.38,14.03,MEDCHAL MALKAJG
24478624,1062000,yes,135000,7.15,2024,12,2,Chilli,24.75,43.62,12.77,MEDCHAL MALKAJG
24409538,550000,yes,144000,7.25,2024,12,7,Chilli,19.75,40.18,13.04,SURYAPET
24304997,279000,yes,68000,7.15,2023,18,2,Paddy,6.25,40.74,11.05,JAYASHANKAR
24363038,813000,yes,23000,7.25,2024,12,7,Chilli,13.25,41.14,14.03,RANGAREDDY
24687701,1135000,yes,42000,7,2023,18,6,Chilli,15,40.7,11.86,RANGAREDDY
24220062,879000,no,0,7.15,2024,18,6,Groundnut,14.25,42.64,14.1,NIZAMABAD
24541424,195000,yes,45000,7,2023,18,2,Chilli,5.75,44.92,15.31,HYDERABAD
24523358,1004000,yes,134000,7.15,2024,18,4,Chilli,19.5,44.42,13.58,WARANGAL URBAN
24395048,94000,yes,94000,7.15,2024,12,6,Chilli,1,42.78,11.94,MAHABUBNAGAR
24532257,925000,no,0,7,2023,18,6,Maize,18.5,40.9,10.97,MAHABUBNAGAR
24946033,774000,no,0,7.25,2024,18,2,Maize,15.5,43.59,13.92,VIKARABAD
24715792,960000,no,0,7,2023,18,4,Maize,21,44.97,15.69,WARANGAL RURAL
24212931,1196000,yes,149000,7,2024,12,2,Chilli,14,40.28,14.82,PEDDAPALLI
24703512,175000,yes,90000,7.15,2023,12,5,Paddy,4,43.74,12.87,MEDAK
24431099,1033000,yes,94000,7.25,2023,18,2,Maize,13.75,44.3,12.25,BHADRADRI
24444232,921000,no,0,7.5,2024,18,4,Bengal gram,24.5,41.25,11.13,MAHABUBABAD
24630292,994000,no,0,7.25,2024,18,6,Maize,12.5,44.4,15.55,MEDAK
24528836,867000,no,0,7,2024,18,6,Groundnut,22.5,43.48,10.58,YADADRI
24997200,604000,yes,191000,7.5,2023,18,3,Paddy,11.5,42.56,13.85,MEDAK
24666809,813000,yes,90000,7,2023,12,2,Groundnut,15.75,42.68,13.31,SIDDIPET
24841699,199000,no,0,7.5,2024,12,6,Groundnut,4.75,43.38,12.19,MAHABUBABAD
24943623,450000,no,0,7.25,2023,18,5,Maize,7.75,44.16,13.25,JOGULAMBA
24682140,764000,no,0,7,2024,18,6,Groundnut,20.5,40.45,16,HYDERABAD
24201490,1148000,yes,36000,7.15,2023,12,7,Groundnut,24.25,40.94,12.45,KHAMMAM
24384446,944000,no,0,7.5,2023,12,7,Paddy,13.25,44.27,10.35,RAJANNA
24580285,411000,yes,166000,7.5,2024,12,5,Maize,10,44.71,10.97,KOMARAM BHEEM
24707985,830000,no,0,7.5,2023,18,6,Paddy,21.25,40.02,13.31,WANAPARTHY
24676801,195000,yes,52000,7.5,2023,12,6,Chilli,6.75,41.87,12.24,NALGONDA
24862002,674000,no,0,7.5,2023,18,4,Maize,20.5,40.11,13.36,JOGULAMBA
24285617,879000,yes,140000,7.15,2024,18,6,Groundnut,10.5,43.35,14.31,SURYAPET
24219005,705000,yes,182000,7,2023,18,5,Maize,24,40.63,13.94,JOGULAMBA
24645277,52000,no,0,7.15,2023,12,4,Maize,2.5,40.45,10.33,MAHABUBABAD
24233634,874000,yes,36000,7.25,2024,18,6,Chilli,18.25,44.12,14.84,WARANGAL URBAN
24777957,676000,no,0,7,2023,12,4,Paddy,21,41.28,10.25,NAGARKURNOOL
24256556,119000,yes,110000,7.15,2024,12,7,Maize,7.75,44.18,11.32,WARANGAL URBAN
24309781,324000,no,0,7,2024,12,7,Maize,9,43.36,11.63,MANCHERIAL
24979357,979000,no,0,7.25,2023,12,6,Bengal gram,24,44.68,11.15,MEDAK
24193807,953000,yes,23000,7.15,2024,12,3,Maize,22,41.15,15.64,NIZAMABAD
24614139,993000,yes,16000,7.25,2024,18,7,Paddy,19,44.29,11.81,SURYAPET
24635893,911000,no,0,7.5,2024,12,4,Bengal gram,11.5,43.26,13.26,KAMAREDDY
24985159,720000,no,0,7,2024,18,5,Groundnut,17,44.93,13.54,SURYAPET
24488647,54000,yes,62000,7,2024,18,3,Groundnut,0.75,43.69,12.34,NAGARKURNOOL
24820843,960000,yes,166000,7.15,2023,18,6,Maize,15,42.65,10.46,JOGULAMBA
24193846,723000,yes,56000,7.25,2023,18,6,Paddy,17.25,40.81,14.78,KARIMNAGAR
24488510,781000,no,0,7,2023,18,3,Maize,18.25,43.02,13.75,MEDCHAL MALKAJG
24292145,85000,no,0,7.5,2024,18,2,Groundnut,2.25,42.09,10.7,YADADRI
24221542,78000,yes,86000,7.5,2024,12,3,Maize,2.25,43.93,15.86,HYDERABAD
24723559,81000,yes,140000,7.25,2023,18,5,Maize,3,42.99,11.34,KOMARAM BHEEM
24333746,793000,yes,196000,7.25,2024,12,6,Groundnut,24.25,43.43,14.21,KHAMMAM
24469500,206000,no,0,7.15,2024,12,4,Groundnut,7.25,44.72,11.39,KOMARAM BHEEM
24384715,644000,no,0,7.25,2024,12,7,Bengal gram,20.5,41.17,15.75,KARIMNAGAR
24788561,402000,yes,18000,7.5,2023,12,2,Bengal gram,9.75,44.2,13.08,WARANGAL URBAN
24178633,148000,no,0,7.5,2024,12,4,Paddy,9,40.95,12.76,KOMARAM BHEEM
24188157,287000,no,0,7,2024,18,3,Paddy,8.25,41.05,15.34,KOMARAM BHEEM
24621390,986000,yes,153000,7.5,2024,18,6,Groundnut,12.75,40.59,10.58,NALGONDA
24576565,466000,no,0,7.5,2024,12,5,Paddy,3.25,41.7,15.91,WANAPARTHY
24882537,581000,no,0,7,2024,12,3,Paddy,14,41.94,11.87,JAGTIAL
24931321,950000,yes,61000,7.15,2024,12,3,Bengal gram,20.75,43.84,13.76,JANGAON
24446610,519000,no,0,7.25,2024,12,4,Groundnut,23,40.2,14.5,JANGAON
24458880,58000,no,0,7,2024,18,4,Bengal gram,2.75,42.82,13.94,WARANGAL URBAN
24441979,134000,yes,31000,7,2023,12,6,Maize,8.25,44.53,11.5,NALGONDA
24968681,787000,yes,167000,7.15,2024,12,4,Groundnut,21.75,41.66,12.53,NALGONDA
24578748,866000,no,0,7.25,2024,12,2,Chilli,11.25,43.11,10.02,RAJANNA
24902795,442000,no,0,7.25,2023,18,6,Paddy,6.75,42.48,10.25,WANAPARTHY
24518001,143000,yes,73000,7.25,2023,12,5,Paddy,6.25,43.77,15.09,SURYAPET
24549129,691000,no,0,7,2023,18,2,Groundnut,20,42.43,10.58,MEDCHAL MALKAJG
24163418,60000,no,0,7.5,2024,12,3,Chilli,3,43.53,11.61,RANGAREDDY
24529952,474000,no,0,7.5,2024,18,7,Groundnut,8.25,40.65,11.32,KARIMNAGAR
24976502,165000,yes,188000,7,2024,12,4,Paddy,8.5,43.44,12.38,BHADRADRI
24821936,859000,no,0,7.5,2023,18,5,Paddy,18.75,42.8,15.18,VIKARABAD
24696074,745000,no,0,7.15,2023,12,6,Groundnut,23.75,43.43,15.57,MEDCHAL MALKAJG
24157508,87000,yes,40000,7.5,2023,12,4,Maize,1.75,40.39,12.44,KHAMMAM
24715006,933000,yes,98000,7,2024,18,2,Bengal gram,12.5,43.89,10.22,MAHABUBABAD
24434452,647000,no,0,7.5,2023,18,3,Groundnut,24.25,43.16,11.86,NAGARKURNOOL
24928611,1035000,yes,183000,7.15,2024,12,3,Maize,18,40.25,15.89,MEDCHAL MALKAJG
24650195,879000,yes,171000,7.5,2024,12,4,Chilli,20.25,41.94,14.53,WARANGAL RURAL
24800552,568000,no,0,7.5,2023,12,6,Paddy,13.5,44.82,10.8,NAGARKURNOOL
24240216,1143000,yes,61000,7.15,2024,18,6,Paddy,20.5,44.03,13.89,NAGARKURNOOL
24883195,245000,yes,179000,7.25,2023,18,4,Groundnut,7,43.49,12.77,HYDERABAD
24872846,82000,yes,168000,7.15,2024,18,7,Chilli,2.5,41.65,15.86,KARIMNAGAR
24424695,931000,no,0,7.5,2023,18,4,Groundnut,12.75,44.12,11.5,BHADRADRI
24337728,722000,yes,88000,7.25,2024,12,4,Bengal gram,17.5,44.48,14.29,WANAPARTHY
24495411,710000,no,0,7.25,2023,18,7,Groundnut,21.5,42.25,11.06,NAGARKURNOOL
24497896,1004000,no,0,7,2024,18,5,Paddy,14.75,40.07,12.64,MEDAK
24548967,593000,yes,127000,7,2023,12,4,Paddy,11.5,40.25,13.76,KARIMNAGAR
24781047,658000,no,0,7.15,2023,18,5,Maize,12.75,42.52,15.38,BHADRADRI
24938669,1017000,yes,37000,7.15,2024,12,2,Bengal gram,23.75,41.74,15.52,MEDAK
24459738,65000,yes,34000,7.15,2024,18,4,Maize,2.25,43.16,11.54,RANGAREDDY
24482545,1005000,yes,144000,7.5,2023,12,4,Bengal gram,12,40.97,13.73,MANCHERIAL
24924440,953000,no,0,7.15,2024,12,6,Paddy,21,44.86,15.26,ADILABAD
24765460,932000,yes,149000,7,2023,12,4,Groundnut,20.5,40.42,12.11,MAHABUBNAGAR
24422487,1103000,yes,141000,7.15,2023,12,7,Paddy,14.5,41.34,15.79,KARIMNAGAR
24143723,1084000,yes,80000,7.25,2023,12,5,Maize,16.5,40.25,14.27,SIDDIPET
24854396,606000,no,0,7,2024,12,7,Maize,10.5,43.69,12.27,ADILABAD
24809540,938000,yes,151000,7.25,2023,18,5,Groundnut,24.75,40.73,13.27,WARANGAL RURAL
24550841,87000,no,0,7.5,2023,12,4,Chilli,0.75,40.5,14.02,WARANGAL RURAL
24932288,508000,yes,24000,7.15,2024,12,5,Paddy,23.75,40.6,13.92,YADADRI
24713802,712000,yes,42000,7,2024,18,4,Maize,20.5,43.56,12.46,WARANGAL RURAL
24832942,1064000,yes,118000,7.25,2023,18,7,Chilli,19.75,43.06,12.65,WARANGAL RURAL
24252022,735000,yes,164000,7,2024,18,2,Chilli,19.5,44.27,14.05,SIDDIPET
24861108,321000,no,0,7.25,2024,18,5,Paddy,3.5,42.91,14.58,SURYAPET
24853618,99000,no,0,7,2023,18,5,Maize,2.5,43.14,15.36,NIZAMABAD
24676836,37000,no,0,7.25,2024,12,5,Chilli,2,41.83,13.84,NIZAMABAD
24408758,249000,yes,151000,7.5,2023,18,5,Maize,5,40.81,10.45,ADILABAD
24220035,1188000,no,0,7.25,2023,12,4,Chilli,12.75,43.75,10.36,KOMARAM BHEEM
24778778,539000,yes,196000,7.25,2023,12,4,Paddy,20.75,43.69,13.17,MAHABUBABAD
24936179,475000,yes,30000,7,2023,18,2,Paddy,6.25,43.01,15.81,SANGAREDDY
24657703,442000,no,0,7.25,2023,12,4,Maize,9.25,41.21,10.09,JANGAON
24636520,1010000,no,0,7.25,2023,12,7,Paddy,12.25,43.02,10.07,NIRMAL
24729389,22000,yes,185000,7.15,2023,18,5,Bengal gram,1.25,40.37,10.08,NALGONDA
24203941,231000,no,0,7.25,2023,12,2,Paddy,9.25,40.73,12.37,WARANGAL URBAN
24944032,251000,no,0,7.15,2024,18,3,Groundnut,5.5,42.09,11.52,JOGULAMBA
24258856,501000,yes,34000,7,2023,18,7,Paddy,21.25,42.38,11.36,VIKARABAD
24275311,928000,no,0,7.25,2024,18,6,Maize,11.5,41.63,14.88,SURYAPET
24868463,636000,no,0,7.5,2023,18,2,Chilli,17.75,41.93,12.64,NIRMAL
24591445,949000,yes,69000,7,2024,12,6,Bengal gram,24,43.22,10.09,NIZAMABAD
24989995,727000,no,0,7.5,2023,12,5,Maize,21,42.28,15.14,PEDDAPALLI
24469668,145000,no,0,7.15,2023,18,3,Maize,5.75,42.13,14.32,MEDCHAL MALKAJG
24139335,502000,no,0,7.15,2023,12,6,Chilli,22.75,40.69,15.15,SURYAPET
24530428,637000,yes,26000,7.5,2024,18,7,Chilli,22.5,44.17,10.82,KHAMMAM
24283213,42000,no,0,7.5,2023,12,2,Groundnut,1,41.64,15.91,KAMAREDDY
24293818,105000,yes,35000,7.5,2024,12,4,Maize,9.75,41.94,13.72,HYDERABAD
24264426,636000,yes,88000,7,2023,18,7,Bengal gram,15.25,43.61,15.29,WARANGAL RURAL
24547470,41000,yes,55000,7.5,2024,18,6,Groundnut,1,42.23,11.63,ADILABAD
24369745,419000,yes,54000,7.25,2024,12,4,Groundnut,3.25,42.43,11.04,NALGONDA
24652155,978000,yes,142000,7,2023,12,6,Bengal gram,18.25,42.19,15.14,JOGULAMBA
24373203,58000,no,0,7.15,2024,12,5,Chilli,0.75,43.34,13.2,MAHABUBNAGAR
24166275,275000,no,0,7.5,2023,12,4,Chilli,5.5,40.9,12.6,SIDDIPET
24514482,670000,no,0,7.15,2023,18,3,Maize,11,42.24,15.9,MEDAK
24848917,759000,no,0,7.25,2023,12,7,Groundnut,13,44.83,15.41,MEDAK
24236482,131000,yes,21000,7.5,2023,12,2,Bengal gram,8.25,40.4,10.32,KAMAREDDY
24410835,967000,no,0,7.15,2023,12,3,Bengal gram,13.25,40.72,11.37,KHAMMAM
24804158,42000,yes,62000,7.25,2023,18,6,Bengal gram,0.5,41.64,12.23,WARANGAL RURAL
24182357,714000,no,0,7.5,2023,18,6,Groundnut,12,40.47,11.98,KAMAREDDY
24431578,535000,yes,22000,7.25,2023,12,3,Paddy,24.25,42.35,11.09,MANCHERIAL
24718411,658000,yes,104000,7.5,2024,12,6,Paddy,13,44.8,10.03,BHADRADRI
24773591,79000,yes,96000,7.25,2024,18,5,Maize,2.25,41.62,12.92,YADADRI
24109724,1145000,no,0,7.15,2023,12,2,Groundnut,15,44.07,13.19,JAGTIAL
24871068,761000,no,0,7,2024,12,7,Groundnut,14.5,40.5,11.44,WARANGAL RURAL
24909746,947000,yes,79000,7.5,2024,12,5,Paddy,18,44.66,12.15,HYDERABAD
24821837,967000,no,0,7.5,2024,18,4,Chilli,24.5,41.51,11.91,KAMAREDDY
24651767,665000,no,0,7,2023,12,2,Paddy,17.5,44.9,13.5,HYDERABAD
24387169,1151000,yes,106000,7.15,2024,12,2,Groundnut,24,40.74,15.65,WARANGAL URBAN
24766950,73000,yes,194000,7.5,2024,12,6,Bengal gram,2,40.46,10.91,SIDDIPET
24810122,481000,no,0,7,2024,18,7,Groundnut,4.25,40.83,11.21,KAMAREDDY
24832213,1190000,yes,59000,7,2023,18,4,Maize,17,41.17,10.11,RANGAREDDY
24918270,1096000,yes,101000,7.15,2023,12,7,Paddy,14.5,42.58,15.48,JAGTIAL
24118491,1198000,yes,184000,7,2024,12,3,Maize,20.75,44.88,14.68,RAJANNA
24114672,536000,no,0,7.5,2023,12,7,Paddy,15.5,41.38,12.67,ADILABAD
24978234,33000,no,0,7.15,2023,12,4,Paddy,0.75,42.89,14.79,VIKARABAD
24195868,635000,no,0,7.25,2024,12,3,Maize,15.5,40.78,11,JANGAON
24841539,1192000,yes,77000,7.25,2023,18,7,Maize,24.75,44.93,13.81,RAJANNA
24767194,975000,yes,39000,7.5,2023,18,7,Bengal gram,15.5,41.48,13.66,MAHABUBABAD
24313937,616000,yes,56000,7,2023,12,4,Maize,24.75,43.32,12.5,MEDCHAL MALKAJG
24555786,93000,yes,155000,7.15,2024,18,4,Chilli,1.5,41.52,13.05,KHAMMAM
24173929,867000,no,0,7.25,2024,12,3,Groundnut,17.75,43.66,15.94,JOGULAMBA
24943052,900000,yes,153000,7.15,2023,18,5,Bengal gram,21,40.95,11.86,WARANGAL URBAN
24314797,935000,yes,121000,7.5,2024,18,6,Paddy,11.25,41.29,14.3,JAYASHANKAR
24410137,663000,yes,19000,7.5,2024,12,7,Chilli,22,40.47,11.95,BHADRADRI
24469190,603000,yes,159000,7.15,2023,18,6,Maize,11.5,44.39,10.95,WARANGAL RURAL
24988487,341000,no,0,7.15,2023,18,6,Maize,4.25,41.22,10.8,RANGAREDDY
24230061,1080000,no,0,7.5,2024,18,3,Chilli,13.5,40.49,15.79,VIKARABAD
24952871,141000,yes,107000,7.5,2023,18,7,Groundnut,6,41.11,14.06,WARANGAL URBAN
24639640,1168000,no,0,7,2024,12,7,Chilli,12.25,43.93,10.94,JAYASHANKAR
24900729,338000,no,0,7.25,2024,18,6,Paddy,4.25,40.36,15.52,NAGARKURNOOL
24236968,641000,yes,150000,7,2024,12,7,Chilli,19,44.59,11.03,VIKARABAD
24636291,90000,yes,27000,7.15,2023,12,7,Bengal gram,0.75,40.03,14.64,MAHABUBNAGAR
24959910,156000,no,0,7.25,2023,18,2,Chilli,5.25,43.88,11.76,VIKARABAD
24910193,900000,yes,52000,7,2023,12,4,Chilli,19,40.42,14.71,MEDAK
24273511,505000,yes,187000,7.25,2024,12,3,Paddy,22,42.24,10.58,SIDDIPET
24229492,1016000,no,0,7,2024,12,3,Paddy,13.25,40.93,14.07,KARIMNAGAR
24203897,842000,no,0,7.15,2024,12,2,Groundnut,18.25,44.98,15.69,NIZAMABAD
24706146,511000,no,0,7.5,2024,12,4,Paddy,12.75,44.81,15.04,WARANGAL URBAN
24720092,352000,yes,109000,7.25,2023,18,6,Paddy,6.25,43.5,12.75,SANGAREDDY
24489520,907000,yes,68000,7.15,2023,12,3,Paddy,24.75,43.02,10.08,WANAPARTHY
24152280,1033000,no,0,7.15,2024,12,3,Chilli,20,44.28,13.9,MAHABUBABAD
24991762,384000,no,0,7.5,2024,18,3,Chilli,7.5,41.96,12.74,MEDAK
24529805,254000,yes,158000,7.5,2023,18,3,Paddy,7.5,41.53,11.62,RAJANNA
24446775,1060000,no,0,7.5,2023,18,3,Maize,16.5,40.02,10.14,HYDERABAD
24659716,555000,yes,47000,7.25,2024,18,3,Paddy,23.25,42.9,12.87,WARANGAL URBAN
24424588,106000,no,0,7.5,2024,18,2,Paddy,4,40.83,12.25,SURYAPET
24430033,221000,yes,131000,7.25,2024,12,3,Groundnut,7.25,43.56,13.9,VIKARABAD
24323575,896000,yes,80000,7.5,2024,12,5,Paddy,10.75,41.85,11.1,RAJANNA
24187582,59000,yes,68000,7,2024,12,4,Paddy,1,41.47,15.83,NAGARKURNOOL
24500950,948000,yes,175000,7,2023,12,4,Groundnut,18.25,41.74,10.48,MAHABUBABAD
24321337,648000,yes,178000,7.15,2024,12,7,Paddy,10.75,43.18,13.69,JANGAON
24390580,333000,no,0,7,2024,12,6,Paddy,8.25,44.43,13.33,SURYAPET
24386049,859000,yes,28000,7.5,2024,18,7,Bengal gram,18.5,42.45,12.03,RANGAREDDY
24126981,32000,no,0,7.25,2024,18,3,Groundnut,3,44.4,10.99,NIRMAL
24962905,972000,yes,175000,7.25,2024,18,7,Groundnut,24,40.25,15.59,JOGULAMBA
24669751,1030000,yes,53000,7.5,2023,12,3,Bengal gram,13.5,41.47,15.64,BHADRADRI
24328763,800000,yes,75000,7.25,2024,12,2,Groundnut,11.25,40.28,11.86,JANGAON
24690877,389000,yes,37000,7.15,2024,18,5,Maize,4.25,40.26,13.3,WARANGAL URBAN
24381505,363000,yes,135000,7,2023,18,4,Chilli,6.5,40.41,16,KAMAREDDY
24121875,675000,yes,106000,7.5,2023,18,4,Chilli,24.25,41.48,15.58,NIZAMABAD
24923093,682000,yes,92000,7,2024,12,6,Groundnut,24.5,42.91,12.75,WANAPARTHY
24758039,697000,yes,23000,7,2023,18,3,Chilli,18.75,42.84,10.21,KAMAREDDY
24701011,710000,no,0,7.5,2023,18,2,Paddy,20.25,43.44,10.26,NAGARKURNOOL
24825846,897000,no,0,7.5,2024,18,6,Paddy,18.75,40.24,13.15,RAJANNA
24524438,641000,yes,188000,7,2024,18,6,Maize,10.25,44.67,10.13,WARANGAL URBAN
24751271,907000,yes,137000,7.5,2023,12,6,Bengal gram,20.5,41.42,15.74,HYDERABAD
24430345,1100000,yes,23000,7,2024,18,2,Chilli,15.75,40.23,10.31,SIDDIPET
24709265,527000,yes,83000,7,2024,18,2,Maize,18.75,42.48,14.11,SURYAPET
24393001,55000,no,0,7,2023,18,3,Chilli,2.5,40.53,13.64,MAHABUBNAGAR
24926038,1103000,yes,184000,7.5,2024,18,2,Paddy,20.25,42.85,15.28,JAYASHANKAR
24857632,366000,no,0,7.5,2023,18,6,Maize,9,43.46,15.14,MAHABUBNAGAR
24494067,328000,yes,67000,7.15,2024,12,3,Maize,9,41.36,15.91,MANCHERIAL
24879640,877000,no,0,7,2023,12,6,Bengal gram,24.25,43.17,12.98,NAGARKURNOOL
24105028,693000,yes,112000,7,2023,12,6,Paddy,10.5,44.1,10.23,JOGULAMBA
24513393,1149000,no,0,7,2023,18,4,Maize,24,41.04,15.31,MEDCHAL MALKAJG
24747029,1114000,yes,29000,7.15,2024,18,2,Paddy,16,41.14,12.8,ADILABAD
24139920,50000,yes,171000,7,2023,18,7,Paddy,2.5,44.97,15.14,NALGONDA
24480163,67000,yes,33000,7.15,2024,18,4,Groundnut,1,44.32,11.2,NIZAMABAD
24321310,690000,no,0,7.15,2024,12,4,Groundnut,14.75,40.99,15.93,JANGAON
24941514,854000,no,0,7.5,2024,12,7,Bengal gram,17.25,40.46,10.53,MANCHERIAL
24908468,84000,no,0,7.15,2024,18,6,Paddy,1,40.3,14.24,RANGAREDDY
24592324,544000,yes,76000,7.5,2023,12,7,Groundnut,14.5,41.24,15.2,YADADRI
24662500,261000,yes,134000,7.25,2024,18,2,Chilli,6,42.25,15.68,WARANGAL URBAN
24610928,580000,no,0,7,2023,12,6,Paddy,18.5,40.64,13.36,ADILABAD
24182032,1009000,no,0,7.25,2024,18,5,Maize,15.5,41.04,14.15,SANGAREDDY
24527951,105000,yes,11000,7,2023,18,6,Paddy,5.5,43.5,15.23,MANCHERIAL
24706858,598000,yes,181000,7.15,2024,12,6,Maize,11.5,40.64,12.19,JANGAON
24333709,658000,yes,148000,7.5,2024,12,2,Bengal gram,16.25,42.44,13.29,JAGTIAL
24363528,832000,no,0,7.15,2024,12,6,Groundnut,15.25,41.53,13.13,WARANGAL RURAL
24622075,665000,no,0,7,2024,12,7,Chilli,13.25,42.9,11.72,JAGTIAL
24703691,143000,no,0,7,2024,18,6,Groundnut,9,43.34,15.78,NIZAMABAD
24689887,1114000,yes,200000,7.15,2024,12,4,Maize,15.25,44.21,13.65,HYDERABAD
24464447,236000,yes,166000,7,2024,18,7,Bengal gram,4.75,42.73,12.36,NALGONDA
24300596,1009000,yes,117000,7,2024,12,7,Maize,23.5,40.5,12.22,MAHABUBNAGAR
24413798,100000,no,0,7.25,2023,18,6,Bengal gram,2,44.7,12.14,JAGTIAL
24162729,665000,no,0,7.15,2024,18,2,Bengal gram,10.5,44.62,12.35,WARANGAL RURAL
24414812,367000,no,0,7.25,2024,12,4,Chilli,4.5,44.82,12.3,KARIMNAGAR
24342267,866000,no,0,7.15,2024,18,7,Chilli,21,40.68,12.34,BHADRADRI
24905487,428000,no,0,7.25,2023,18,3,Groundnut,6.75,41.94,12.22,MEDCHAL MALKAJG
24801859,1132000,yes,106000,7.5,2023,12,7,Chilli,20.5,40.74,10.34,KHAMMAM
24593907,862000,yes,98000,7,2023,18,3,Maize,20.75,40.69,12.37,KARIMNAGAR
24978412,249000,yes,146000,7,2023,18,6,Maize,7,42.66,14.96,SIDDIPET
24136209,795000,yes,168000,7.15,2024,18,4,Bengal gram,12.5,44.64,15.66,PEDDAPALLI
24239082,958000,no,0,7.15,2024,18,5,Groundnut,22.25,43,12.16,RANGAREDDY
24946050,923000,yes,168000,7.15,2024,18,7,Groundnut,16,44.14,12.83,KOMARAM BHEEM
24179073,164000,yes,63000,7.25,2023,12,3,Groundnut,4.5,44.42,15,MAHABUBNAGAR
24413259,1135000,no,0,7.15,2024,12,7,Bengal gram,10.5,44.19,14.13,MAHABUBNAGAR
24695587,480000,no,0,7,2024,18,4,Chilli,4.5,44.52,15.42,JAGTIAL
24304004,23000,yes,100000,7.15,2023,12,7,Paddy,2,44.12,12.69,RANGAREDDY
24857562,821000,no,0,7,2024,12,3,Maize,19,42.16,14.55,MAHABUBNAGAR
24677409,855000,no,0,7.25,2023,12,7,Bengal gram,12.5,43.66,10.08,SURYAPET
24114705,1045000,yes,15000,7,2024,18,4,Maize,13.25,42.12,14.94,RAJANNA
24811808,315000,no,0,7.5,2024,18,6,Chilli,3.75,44.4,10.91,VIKARABAD
24842183,1026000,yes,151000,7,2023,12,4,Chilli,22,42.37,15.1,KARIMNAGAR
24621240,735000,no,0,7.5,2023,18,4,Bengal gram,15.75,40.69,13.85,KHAMMAM
24125274,78000,yes,95000,7.25,2024,12,2,Bengal gram,3,42.98,14.41,ADILABAD
24182212,924000,no,0,7,2023,12,6,Paddy,17,44.59,12.37,SANGAREDDY
24655363,397000,yes,163000,7.25,2024,12,7,Groundnut,6.25,42.48,14.73,WANAPARTHY
24879077,396000,yes,52000,7.25,2024,12,5,Paddy,4.25,40.72,14,JOGULAMBA
24153251,818000,no,0,7.5,2023,18,7,Bengal gram,17.25,43.98,13.74,PEDDAPALLI
24957314,706000,no,0,7.25,2024,12,7,Paddy,19.5,40.06,13.54,WANAPARTHY
24647705,832000,yes,65000,7,2023,12,3,Maize,24,42.32,12.94,KARIMNAGAR
24589916,112000,yes,45000,7.5,2024,12,4,Chilli,5,43.22,15.38,JANGAON
24375873,291000,yes,164000,7.25,2023,12,4,Chilli,7.75,42.98,13.26,RAJANNA
24254908,852000,no,0,7.15,2023,18,6,Paddy,18.25,42,11.15,RAJANNA
24680420,991000,no,0,7.5,2024,18,2,Groundnut,12.25,41.33,15.91,JOGULAMBA
24693946,747000,no,0,7,2023,12,7,Bengal gram,11.5,40.76,12.66,MAHABUBNAGAR
24952704,339000,yes,88000,7,2023,18,3,Chilli,7.25,41.28,13.86,KAMAREDDY
24782232,807000,yes,118000,7.15,2023,18,5,Paddy,16.75,40.04,11.88,JAGTIAL
24464909,150000,yes,39000,7.5,2024,18,4,Bengal gram,8.5,42.26,11.8,SIDDIPET
24708179,1109000,no,0,7.15,2024,18,2,Chilli,17.75,41.19,12.94,KOMARAM BHEEM
24766825,775000,no,0,7.5,2023,18,3,Paddy,20.5,43.63,10.75,WANAPARTHY
24179285,31000,no,0,7.5,2023,18,3,Bengal gram,2.75,40.1,15.32,SURYAPET
24468837,1070000,no,0,7.15,2023,12,5,Groundnut,20.75,42.15,12.67,NALGONDA
24866881,841000,yes,93000,7.15,2023,18,6,Paddy,19.5,40.87,13.16,NALGONDA
24855335,441000,no,0,7.5,2023,18,7,Paddy,3.5,42.37,11.49,SIDDIPET
24618781,950000,yes,132000,7.25,2024,12,3,Paddy,23.25,40.37,13.79,NALGONDA
24395518,1147000,no,0,7.5,2024,12,3,Chilli,17,40.95,15.3,MEDAK
24511720,838000,no,0,7,2023,18,7,Groundnut,24.5,41.61,14.17,KHAMMAM
24407446,304000,yes,45000,7,2024,12,5,Groundnut,6,40.56,13.11,MAHABUBNAGAR
24483828,594000,yes,33000,7.15,2023,18,7,Paddy,20,40.1,11.71,MAHABUBNAGAR
24289575,794000,yes,84000,7.5,2023,18,4,Paddy,17,40.01,12.96,JANGAON
24377979,1047000,no,0,7.25,2023,12,6,Groundnut,15,44.64,15.58,KARIMNAGAR
24938979,329000,yes,129000,7.25,2024,18,5,Bengal gram,6.25,42.63,14.86,KHAMMAM
24990982,699000,yes,41000,7.15,2024,18,4,Paddy,17.5,40.3,11.92,JAGTIAL
24648692,257000,yes,74000,7.15,2024,12,5,Groundnut,5.75,40.37,14.16,BHADRADRI
24321779,818000,yes,51000,7.15,2023,12,7,Chilli,24,42.81,12.61,JOGULAMBA
24662399,1119000,yes,88000,7.15,2023,18,7,Groundnut,23.75,43.62,14.13,PEDDAPALLI
24561056,654000,no,0,7.25,2023,12,5,Bengal gram,22,40.32,14.93,MANCHERIAL
24374053,301000,no,0,7,2024,12,7,Paddy,9,44.61,12.65,SURYAPET
24988155,551000,yes,127000,7.25,2024,18,5,Groundnut,13.75,43.25,13.95,MAHABUBNAGAR
24723723,438000,no,0,7,2024,18,2,Maize,7,41.07,14.65,SURYAPET
24721470,1082000,yes,46000,7,2024,18,7,Paddy,17.75,41.95,13.47,JAYASHANKAR
24245353,1107000,yes,70000,7,2023,18,5,Paddy,20.5,40.46,10.02,ADILABAD
24249459,561000,yes,143000,7.25,2024,18,7,Maize,22,41.26,10.94,YADADRI
24947367,786000,no,0,7.5,2023,12,4,Paddy,23.25,43.71,14.42,KAMAREDDY
24815925,1013000,no,0,7.15,2023,18,4,Chilli,22.75,42.66,14.4,VIKARABAD
24601733,1050000,yes,173000,7.15,2024,12,3,Chilli,15.5,42.75,11.44,JOGULAMBA
24975996,928000,yes,105000,7.5,2024,18,7,Bengal gram,21,41,12.39,JOGULAMBA
24113704,541000,yes,155000,7.25,2024,12,2,Bengal gram,20,40.91,11.22,KAMAREDDY
24806219,132000,no,0,7.25,2024,12,4,Groundnut,8,43.66,14.79,NIRMAL
24240846,462000,yes,19000,7.5,2024,12,2,Groundnut,7.25,41.02,10.87,NALGONDA
24698016,176000,no,0,7,2023,12,3,Chilli,4.75,40.02,12.81,MAHABUBABAD
24697352,457000,yes,177000,7.25,2023,18,2,Paddy,4.5,43.92,13.27,NALGONDA
24592211,127000,no,0,7,2024,18,4,Maize,9.25,43.76,10.34,JAYASHANKAR
24867526,682000,no,0,7.25,2024,18,6,Chilli,15.25,43.89,11.76,YADADRI
24490233,421000,yes,150000,7.5,2023,12,2,Bengal gram,9.25,44.76,10.69,SURYAPET
24512147,311000,yes,21000,7.15,2024,12,7,Bengal gram,7.5,43.93,13.4,NIRMAL
24323970,721000,no,0,7.15,2023,12,2,Bengal gram,16,42.31,12.42,NALGONDA
24168219,73000,yes,70000,7.15,2023,18,6,Maize,1.5,41.09,15.16,KHAMMAM
24255991,526000,no,0,7.25,2023,18,5,Bengal gram,11.75,44.2,15.68,MAHABUBNAGAR
24705280,1165000,yes,49000,7.5,2023,12,6,Bengal gram,13.75,40.89,13.77,NALGONDA
24827891,738000,yes,182000,7,2024,12,5,Groundnut,15.5,41.58,11.42,YADADRI
24653242,614000,no,0,7.15,2023,12,6,Paddy,16.75,40.45,14.87,JANGAON
24745838,109000,yes,49000,7,2024,18,2,Paddy,6.25,42.87,10.34,ADILABAD
24171712,1104000,yes,85000,7.15,2024,18,5,Maize,13,42.19,11.93,JAGTIAL
24979731,1038000,no,0,7,2024,12,5,Bengal gram,14.5,42.89,15.98,SURYAPET
24270438,927000,no,0,7.25,2024,12,6,Groundnut,14.25,41.44,11.03,RANGAREDDY
24368129,267000,no,0,7.25,2024,18,2,Paddy,4,40.91,15.24,MAHABUBNAGAR
24923724,132000,yes,179000,7,2024,18,2,Maize,8.25,41.91,10.03,RAJANNA
24985563,207000,no,0,7.25,2023,12,2,Groundnut,7.25,44.01,14.49,MEDCHAL MALKAJG
24962009,86000,yes,130000,7,2023,18,5,Bengal gram,3,42.57,12.39,JAYASHANKAR
24241485,647000,no,0,7.25,2023,12,5,Maize,25,41.04,13.62,PEDDAPALLI
24130441,1143000,yes,20000,7.25,2024,12,7,Groundnut,12,43.1,12.43,KAMAREDDY
24955172,983000,yes,17000,7,2023,18,7,Paddy,18.5,42.38,15.36,MEDAK
24291929,649000,no,0,7.15,2024,12,5,Chilli,21,41.83,12.97,WARANGAL URBAN
24231165,742000,yes,81000,7.15,2023,18,2,Paddy,24.25,43.84,15.17,JAYASHANKAR
24310321,464000,yes,130000,7.5,2023,18,3,Chilli,6.25,40.94,15.52,NALGONDA
24135235,78000,yes,27000,7.5,2024,18,3,Maize,1,44.49,13.93,NIRMAL
24791906,64000,no,0,7.15,2023,18,5,Groundnut,2.5,40.81,15.46,NIRMAL
24952372,972000,yes,129000,7,2024,18,5,Groundnut,21.75,40.64,13.92,NALGONDA
24105037,976000,no,0,7.5,2024,12,2,Groundnut,21.75,44.73,14.91,BHADRADRI
24519001,147000,no,0,7.15,2024,12,2,Bengal gram,7.75,40.88,14.42,KOMARAM BHEEM
24277103,1012000,no,0,7.25,2023,12,3,Paddy,23.5,42.72,10.31,NALGONDA
24559127,917000,no,0,7.15,2024,12,3,Chilli,17.5,41.05,15.66,KHAMMAM
24968004,169000,no,0,7.5,2024,18,6,Bengal gram,7.5,43.41,15.39,VIKARABAD
24611849,534000,yes,108000,7.25,2023,18,2,Maize,18.5,42.82,10.98,JANGAON
24176478,1143000,yes,40000,7.15,2023,12,4,Maize,13,44.85,10.79,KARIMNAGAR
24853156,56000,yes,147000,7.15,2023,18,6,Bengal gram,1.5,42.39,10.76,SURYAPET
24379025,1167000,no,0,7,2024,12,2,Chilli,23.75,42.9,10.57,NIRMAL
24550034,734000,yes,168000,7.25,2023,18,4,Maize,13.75,42.53,15.08,JAYASHANKAR
24633918,1056000,no,0,7.25,2024,12,4,Paddy,14.25,41.8,13.4,KAMAREDDY
24719885,1019000,yes,92000,7.25,2023,18,5,Maize,12.75,44.96,10.59,BHADRADRI
24982519,466000,no,0,7.15,2023,12,5,Chilli,5,42.74,15.61,NALGONDA
24993666,1198000,no,0,7.15,2024,12,4,Paddy,17.25,42.14,13.09,WARANGAL RURAL
24563267,85000,yes,179000,7.5,2024,12,4,Bengal gram,1.5,42.82,11.63,MEDCHAL MALKAJG
24467177,65000,yes,90000,7,2024,12,7,Chilli,2.5,44.21,11.11,KAMAREDDY
24299898,195000,yes,88000,7.5,2023,18,6,Paddy,6.75,41.33,12.72,NAGARKURNOOL
24863831,322000,yes,91000,7,2024,12,4,Paddy,7,40.84,13.41,NALGONDA
24527546,1179000,no,0,7.5,2023,18,5,Paddy,21.75,43.41,12.29,JOGULAMBA
24949270,557000,no,0,7,2023,18,5,Chilli,16.25,40.33,11.98,KARIMNAGAR
24256108,703000,no,0,7.5,2024,12,5,Groundnut,15.75,44.93,12.91,JOGULAMBA
24459119,213000,no,0,7.15,2024,12,3,Maize,8.75,41.28,14.35,VIKARABAD
24427010,474000,no,0,7,2024,18,6,Groundnut,7.75,44.99,12.96,SANGAREDDY
24783610,683000,no,0,7.25,2024,12,6,Maize,12,44.75,13.09,SANGAREDDY
24611027,545000,yes,165000,7,2023,18,6,Chilli,10.75,43.06,13.38,HYDERABAD
24459398,736000,yes,51000,7.5,2023,12,7,Maize,15.5,43.61,10.22,JAYASHANKAR
24871886,344000,yes,86000,7.15,2024,12,3,Chilli,9.5,40.28,14.48,WANAPARTHY
24902512,390000,yes,90000,7,2024,18,6,Paddy,8.75,41.84,10.84,JANGAON
24420956,769000,no,0,7.25,2023,18,3,Bengal gram,23.25,44.05,11.5,HYDERABAD
24942543,74000,no,0,7.25,2023,18,3,Groundnut,2.75,42.03,15.35,MANCHERIAL
24229018,452000,yes,116000,7.25,2023,12,4,Groundnut,5,42.56,10.52,NALGONDA
24605960,754000,no,0,7.15,2024,18,3,Chilli,21.25,44.09,10.34,SURYAPET
24694560,981000,yes,69000,7.25,2024,12,2,Maize,15,44.54,11.59,JOGULAMBA
24103466,929000,yes,170000,7,2023,18,2,Maize,16.5,43.86,10.62,KOMARAM BHEEM
24120427,312000,no,0,7.5,2024,12,7,Bengal gram,10,42.56,11.07,NIZAMABAD
24876077,416000,yes,90000,7.5,2023,18,7,Paddy,5.75,43.66,11.98,MANCHERIAL
24882663,701000,yes,116000,7,2024,12,6,Maize,16.25,44.86,10.21,MEDCHAL MALKAJG
24956670,465000,no,0,7.5,2023,18,2,Maize,8.25,42.64,13.79,PEDDAPALLI
24662694,1146000,no,0,7.25,2024,12,7,Paddy,20.75,42.95,15.56,RAJANNA
24140621,106000,no,0,7.15,2024,18,7,Bengal gram,3.75,40.69,14.83,MEDCHAL MALKAJG
24803733,674000,yes,70000,7.5,2023,18,4,Maize,20.25,42.81,13.59,RANGAREDDY
24564286,69000,no,0,7.25,2023,18,2,Chilli,1.25,40.78,14.82,JAGTIAL
24343215,1033000,no,0,7.5,2023,12,3,Paddy,21.25,42.56,15.85,MEDCHAL MALKAJG
24933705,159000,no,0,7,2023,12,7,Maize,8.5,43.06,14.68,KAMAREDDY
24925510,989000,no,0,7,2024,18,7,Bengal gram,21.25,40.54,11.83,KARIMNAGAR
24342997,895000,yes,108000,7.5,2023,12,2,Groundnut,12.5,43.25,11.26,WARANGAL RURAL
24514290,651000,yes,90000,7.5,2024,12,5,Chilli,17.75,44.95,15.25,JANGAON
24390183,868000,no,0,7.25,2023,12,7,Chilli,19,44.1,10.78,NALGONDA
24793929,262000,no,0,7.5,2023,18,4,Chilli,7,40.2,10.33,WARANGAL RURAL
24754146,1042000,no,0,7.15,2023,18,6,Chilli,12.75,40.15,15.48,MAHABUBNAGAR
24504316,166000,no,0,7.5,2024,18,5,Groundnut,6.5,42.61,14.67,MEDAK
24272366,1124000,yes,67000,7,2024,18,4,Groundnut,21.75,41.59,15.19,KHAMMAM
24370436,976000,yes,16000,7.15,2024,12,4,Groundnut,12.25,44.31,10.11,JANGAON
24438141,607000,yes,112000,7.5,2023,12,4,Groundnut,16.5,42.59,10.61,SANGAREDDY
24976718,1172000,yes,44000,7.25,2023,18,2,Bengal gram,16.75,44.08,13.71,JAGTIAL
24583933,477000,no,0,7.5,2024,18,2,Maize,4.5,40.95,14.13,WARANGAL RURAL
24697618,61000,yes,191000,7,2024,18,5,Groundnut,2.25,44.09,15.16,NIRMAL
24775489,304000,no,0,7,2024,18,5,Groundnut,6.25,40.62,11.01,MEDAK
24793004,813000,yes,11000,7,2023,18,3,Bengal gram,17.75,40.91,10.33,KAMAREDDY
24316800,152000,yes,128000,7,2023,18,3,Paddy,8.25,41.66,12.65,PEDDAPALLI
24535945,405000,yes,172000,7.5,2024,18,3,Bengal gram,3.5,41.88,15.7,JANGAON
24535024,423000,yes,81000,7,2023,18,4,Paddy,4.5,41.47,11.3,KARIMNAGAR
24711784,924000,yes,111000,7,2024,18,6,Chilli,14,43.26,11.93,NAGARKURNOOL
24719507,672000,no,0,7.25,2024,12,3,Bengal gram,17.25,43.58,11.47,KAMAREDDY
24233245,343000,no,0,7.5,2024,18,5,Chilli,8.25,41.96,13.25,MANCHERIAL
24174890,421000,no,0,7,2023,18,6,Paddy,9.25,40.26,12.57,SANGAREDDY
24842000,363000,yes,11000,7,2023,12,3,Bengal gram,5.75,44.38,13.94,MAHABUBABAD
24576315,415000,yes,40000,7.25,2024,12,2,Paddy,3.25,43.29,15.25,KARIMNAGAR
24846168,717000,no,0,7,2024,18,7,Paddy,24.25,40.31,15.57,RAJANNA
24713496,964000,yes,42000,7,2023,12,3,Chilli,14,44.52,10.6,WANAPARTHY
24686049,1136000,no,0,7.25,2024,12,3,Paddy,15.75,43.28,11.53,MEDCHAL MALKAJG
24708704,283000,no,0,7,2024,18,4,Maize,6.75,44.7,13.52,WARANGAL URBAN
24495973,353000,yes,170000,7,2024,12,4,Groundnut,3.25,41.77,13.12,ADILABAD
24505336,111000,no,0,7.25,2024,12,3,Bengal gram,9,43.98,11.73,ADILABAD
24123842,854000,yes,104000,7,2023,18,4,Chilli,15.25,44.11,15.68,YADADRI
24300655,320000,yes,10000,7.25,2024,18,2,Groundnut,9.75,41.12,12.53,KHAMMAM
24483676,1164000,yes,70000,7,2024,18,6,Chilli,16.75,41.46,14.48,WANAPARTHY
24545678,701000,no,0,7.5,2023,12,6,Maize,20.5,41.75,10.65,WARANGAL URBAN
24361291,65000,yes,187000,7.5,2024,12,4,Groundnut,1.75,44.21,14.93,WARANGAL RURAL
24347507,88000,yes,142000,7,2023,12,3,Bengal gram,0.5,42.39,14.04,SIDDIPET
24274936,473000,yes,115000,7.5,2024,12,2,Paddy,6.5,43.09,11.42,MAHABUBABAD
24558310,751000,yes,107000,7.5,2023,18,2,Paddy,12.25,42.69,15.51,SANGAREDDY
24435508,21000,yes,38000,7.5,2024,18,5,Groundnut,1.75,41.41,15.43,WARANGAL RURAL
24584230,843000,no,0,7.25,2023,12,4,Chilli,14,40.89,10.05,SIDDIPET
24988604,514000,no,0,7.5,2024,12,5,Bengal gram,22.75,43.28,12.42,HYDERABAD
24776467,996000,no,0,7.15,2024,18,4,Paddy,19.5,44.4,15.91,PEDDAPALLI
24596518,870000,yes,127000,7.25,2023,12,5,Groundnut,18.5,40.81,10.49,RANGAREDDY
24760290,578000,yes,20000,7.15,2023,12,7,Groundnut,21.5,44.29,12.62,ADILABAD
24681596,748000,yes,91000,7.5,2023,12,3,Maize,11.25,44.48,15.2,KAMAREDDY
24464134,202000,yes,65000,7.5,2024,12,4,Bengal gram,6.75,40.14,11.43,SIDDIPET
24846341,726000,no,0,7.15,2024,18,6,Bengal gram,16.75,43.29,10.8,RAJANNA
24971803,178000,no,0,7,2023,12,4,Chilli,9.5,40.33,15.78,PEDDAPALLI
24775525,653000,no,0,7.5,2023,12,6,Chilli,11.5,40.71,13.07,NIZAMABAD
24416086,559000,yes,157000,7.25,2024,18,5,Groundnut,10.5,42.21,14.31,SURYAPET
24174573,1198000,no,0,7.15,2023,18,5,Maize,18.5,42.54,10.75,MEDCHAL MALKAJG
24499253,328000,no,0,7.15,2023,12,3,Groundnut,6.5,44.35,11.62,JAYASHANKAR
24941211,84000,no,0,7.5,2023,12,6,Chilli,0.5,44.98,12.95,SIDDIPET
24125247,829000,yes,106000,7.15,2023,18,3,Paddy,14.75,43.31,10.5,NIZAMABAD
24414961,1028000,no,0,7.15,2023,12,2,Maize,17.25,43.1,15.78,SANGAREDDY
24348867,328000,yes,62000,7.25,2023,18,6,Bengal gram,6,41.03,15.63,KOMARAM BHEEM
24124813,254000,no,0,7,2023,12,4,Paddy,6.5,43.91,14.72,MANCHERIAL
24934803,715000,no,0,7,2023,12,6,Paddy,24.75,42.74,11.49,MAHABUBNAGAR
24409498,839000,no,0,7.15,2024,18,5,Bengal gram,24.5,42.01,11.67,WANAPARTHY
24196648,101000,yes,97000,7,2023,12,7,Groundnut,8,44.38,13.75,RANGAREDDY
24680350,761000,no,0,7.15,2023,18,7,Maize,23.5,40.04,15.29,WANAPARTHY
24338873,502000,no,0,7,2024,12,3,Paddy,10.75,41.46,13.58,JAGTIAL
24575157,687000,no,0,7,2024,12,2,Groundnut,23.5,43.9,10.99,SURYAPET
24122957,1013000,no,0,7.25,2024,18,3,Bengal gram,17.5,40.76,13.63,BHADRADRI
24609157,1041000,no,0,7.15,2024,18,2,Groundnut,18.25,43.74,14.51,WARANGAL URBAN
24138870,495000,yes,111000,7.25,2023,12,7,Paddy,8,44.96,15.53,RAJANNA
24583728,298000,yes,135000,7.5,2023,18,5,Maize,8,40.58,14.84,HYDERABAD
24486030,695000,no,0,7,2024,12,7,Maize,12.25,43.98,11.82,JOGULAMBA
24693015,170000,no,0,7.5,2024,12,7,Bengal gram,7.5,40.28,11.82,SIDDIPET
24404805,107000,yes,76000,7.15,2024,12,3,Groundnut,4,40.29,12.55,NALGONDA
24665119,916000,yes,60000,7.15,2023,18,4,Chilli,10.25,44.78,14.08,MANCHERIAL
24752673,1194000,yes,101000,7.15,2024,12,4,Maize,21,44.17,13.56,KHAMMAM
24883749,1125000,yes,26000,7.5,2024,18,3,Chilli,23.5,40.12,13.72,KHAMMAM
24609638,71000,yes,42000,7.5,2023,12,7,Groundnut,3,41.79,11.97,SURYAPET
24139308,954000,no,0,7.15,2023,18,7,Groundnut,24.5,43.52,11.84,JAYASHANKAR
24234490,72000,no,0,7.15,2024,18,3,Chilli,1.5,40.77,11.84,MEDAK
24436458,347000,no,0,7.5,2023,18,2,Bengal gram,5.25,40.24,10.48,WARANGAL URBAN
24393883,1116000,yes,78000,7.15,2024,12,3,Chilli,12,40.19,10.8,MEDCHAL MALKAJG
24678486,644000,no,0,7,2024,18,7,Paddy,14.75,44.73,13,KAMAREDDY
24991982,1169000,yes,200000,7.15,2023,18,7,Chilli,12.75,42.35,12.28,VIKARABAD
24748776,645000,yes,188000,7,2024,12,2,Chilli,11.25,41.44,15.98,WANAPARTHY
24589671,701000,yes,172000,7.25,2024,18,3,Bengal gram,13.25,44.32,10.9,WARANGAL RURAL
24709413,599000,no,0,7.5,2024,18,7,Paddy,24,44.74,12.14,RANGAREDDY
24476367,69000,no,0,7,2023,12,3,Groundnut,0.75,44.28,10.06,JANGAON
24620891,336000,yes,185000,7.5,2023,18,6,Paddy,7.5,40.65,11.58,JAGTIAL
24874595,899000,yes,40000,7.5,2023,18,2,Chilli,12.25,43.01,14.31,SIDDIPET
24171818,780000,yes,146000,7.25,2024,12,5,Groundnut,20.75,43.75,15.14,KAMAREDDY
24612754,63000,no,0,7.15,2023,12,4,Bengal gram,0.5,42.46,11.79,VIKARABAD
24101337,501000,yes,109000,7,2024,18,2,Groundnut,12.5,40.03,10.3,VIKARABAD
24529531,886000,yes,167000,7,2024,12,3,Bengal gram,22,41.91,11.18,KHAMMAM
24900089,236000,no,0,7,2024,12,7,Chilli,3.5,44.87,13.93,WANAPARTHY
24313379,461000,no,0,7.25,2024,12,4,Paddy,3.75,44.9,10.16,KHAMMAM
24236317,357000,yes,45000,7.15,2023,12,3,Paddy,8,43.92,14.15,PEDDAPALLI
24913774,895000,yes,134000,7.5,2024,12,5,Paddy,12.5,43.91,14.95,SANGAREDDY
24366066,1067000,no,0,7.5,2024,12,2,Paddy,16.75,40.47,14.44,KAMAREDDY
24625509,701000,yes,127000,7,2024,18,7,Paddy,20.5,40.88,15.54,PEDDAPALLI
24933210,375000,yes,112000,7.5,2024,12,7,Maize,6.5,42.72,12.04,MAHABUBABAD
24757284,681000,no,0,7.25,2023,12,2,Chilli,17,42.22,12.71,JOGULAMBA
24287409,347000,yes,44000,7,2024,18,3,Paddy,3.75,44.58,11.05,WARANGAL RURAL
24633189,730000,yes,189000,7,2024,12,3,Paddy,21,44.2,11.97,MANCHERIAL
24796767,72000,yes,157000,7,2024,18,2,Bengal gram,1.75,42.5,11.34,HYDERABAD
24411646,50000,no,0,7,2024,18,3,Chilli,1.25,40.13,13,KAMAREDDY
24567608,1048000,no,0,7.25,2024,18,2,Bengal gram,20.5,41.21,12.45,SURYAPET
24775459,199000,no,0,7.5,2023,18,6,Paddy,4.25,44.31,15.05,VIKARABAD
24980965,141000,no,0,7.15,2023,18,5,Chilli,4,41.7,10.43,WANAPARTHY
24567368,714000,no,0,7.15,2023,12,7,Chilli,13,42.9,11.09,JAGTIAL
24661316,764000,yes,120000,7,2024,18,2,Chilli,18,42.33,10.62,MAHABUBNAGAR
24222426,852000,no,0,7.25,2023,18,7,Groundnut,11.75,40.78,10.57,ADILABAD
24207697,380000,no,0,7.15,2024,12,5,Maize,7.75,42.54,11.09,SANGAREDDY
24758871,513000,no,0,7.15,2024,12,5,Maize,19.25,44.25,12.02,JAYASHANKAR
24700728,570000,no,0,7.5,2024,18,6,Paddy,16,44.14,13.23,SANGAREDDY
24821569,198000,yes,120000,7,2023,12,2,Maize,3.5,43.45,15.14,ADILABAD
24615937,387000,no,0,7.5,2024,12,3,Chilli,4.75,41.06,13.43,JAGTIAL
24800878,732000,yes,190000,7.5,2024,18,3,Groundnut,19.5,41.13,11.84,KOMARAM BHEEM
24518545,760000,yes,199000,7,2023,18,2,Maize,22.75,41.52,11.16,WARANGAL URBAN
24828199,1193000,yes,125000,7.25,2024,12,2,Maize,18.25,42.4,11.99,NALGONDA
24391563,1152000,yes,147000,7.5,2024,12,5,Groundnut,10.25,41.55,10.23,NAGARKURNOOL
24489166,858000,yes,55000,7.15,2024,12,5,Bengal gram,19,44.57,14.15,KARIMNAGAR
24754832,713000,no,0,7,2024,18,7,Paddy,16.75,40.77,12.74,NIRMAL
24930079,1112000,no,0,7.25,2023,18,4,Chilli,22.75,43.89,11.34,WANAPARTHY
24131649,364000,no,0,7.25,2023,12,5,Groundnut,6.25,42.78,13.81,PEDDAPALLI
24206833,356000,no,0,7.25,2024,12,2,Bengal gram,6.5,42.86,15.31,MEDCHAL MALKAJG
24809789,85000,yes,99000,7.15,2024,12,4,Paddy,1.25,44.1,11.34,WARANGAL URBAN
24193708,85000,no,0,7.5,2023,18,5,Bengal gram,0.5,43.3,13.42,KOMARAM BHEEM
24947478,808000,no,0,7.5,2023,18,3,Paddy,12.5,43.01,15.85,NIZAMABAD
24404942,1043000,no,0,7.15,2024,18,5,Maize,12,44.47,12.12,JAYASHANKAR
24128960,392000,yes,180000,7.15,2023,18,5,Groundnut,9.25,44.68,10.62,MANCHERIAL
24302327,655000,no,0,7.25,2023,12,5,Paddy,18.5,40.88,12.14,SURYAPET
24651548,1130000,yes,24000,7.25,2024,12,5,Groundnut,17,40.88,15.23,JAGTIAL
24194617,1013000,yes,187000,7.5,2023,18,6,Groundnut,17,44,15.74,JANGAON
24110738,383000,no,0,7,2023,18,2,Bengal gram,9.5,40.15,15.49,JAGTIAL
24747019,762000,no,0,7.5,2023,12,4,Chilli,23.5,40.96,14.55,JAGTIAL
24222857,409000,yes,88000,7.5,2023,12,2,Bengal gram,3.25,44.83,15.8,KAMAREDDY
24899342,583000,no,0,7.5,2023,12,5,Bengal gram,14.25,42.11,13.94,RANGAREDDY
24138464,732000,yes,100000,7.5,2023,18,3,Chilli,23.25,42.09,15.33,KOMARAM BHEEM
24889836,625000,yes,85000,7,2024,12,4,Chilli,23.75,41.55,15.59,PEDDAPALLI
24161302,15000,yes,80000,7.15,2024,12,7,Bengal gram,2.75,42.66,12.94,WARANGAL RURAL
24635113,310000,no,0,7.5,2024,12,2,Groundnut,4.5,41.25,12.4,KARIMNAGAR
24217508,950000,yes,131000,7.15,2023,12,7,Maize,24.25,43.55,10.59,KARIMNAGAR
24413095,18000,no,0,7,2023,12,3,Chilli,1.25,44.55,15.43,NALGONDA
24528675,923000,yes,162000,7.15,2024,18,5,Maize,20.5,43.97,13.25,NALGONDA
24207568,958000,no,0,7,2023,18,3,Groundnut,23.25,40.1,12.48,WARANGAL RURAL
24434117,96000,no,0,7,2024,18,2,Chilli,2,44.48,14.81,JAYASHANKAR
24374548,981000,no,0,7.5,2023,18,4,Paddy,16,43.78,10.12,WARANGAL URBAN
24928909,997000,yes,46000,7,2024,18,2,Paddy,12.5,44.59,10.64,WANAPARTHY
24568528,927000,yes,37000,7.25,2024,12,3,Bengal gram,16,42.48,15.21,NAGARKURNOOL
24925453,1164000,no,0,7.15,2024,12,3,Maize,23.25,43.19,12.69,SURYAPET
24896626,1041000,no,0,7.5,2024,12,2,Paddy,10.5,43.46,13.52,PEDDAPALLI
24962387,572000,yes,123000,7.25,2024,12,7,Bengal gram,11.5,41.78,10.25,RANGAREDDY
24536785,453000,no,0,7.15,2024,18,7,Bengal gram,6.25,44.09,13.63,JAGTIAL
24996071,660000,no,0,7.25,2023,18,2,Bengal gram,16.75,44.06,15.1,NIRMAL
24869882,1056000,yes,170000,7.5,2023,18,2,Groundnut,14.5,40.36,10.43,JAGTIAL
24537681,558000,no,0,7.15,2023,18,3,Maize,10.5,45,15.2,NAGARKURNOOL
24579214,591000,yes,109000,7.15,2024,18,6,Chilli,18.25,40.6,15.54,RAJANNA
24203709,1177000,no,0,7,2023,12,2,Bengal gram,14.5,42.76,13.17,WANAPARTHY
24743587,171000,yes,75000,7.25,2024,12,5,Chilli,9.25,44.54,10.49,ADILABAD
24239338,433000,no,0,7.25,2023,12,3,Paddy,7.5,41.31,15.12,MEDCHAL MALKAJG
24984308,1050000,no,0,7.15,2024,18,6,Groundnut,10.75,44.41,14.33,HYDERABAD
24581770,1012000,no,0,7.25,2024,12,4,Chilli,22.25,44.79,11.94,MAHABUBABAD
24734177,190000,yes,139000,7.15,2023,12,6,Bengal gram,4.25,41.32,12.19,NIRMAL
24925207,851000,no,0,7.15,2024,18,4,Groundnut,10.5,42.69,12.21,SIDDIPET
24169140,49000,no,0,7,2024,18,6,Bengal gram,2,41.82,11.31,SIDDIPET
24168816,1068000,yes,80000,7.15,2024,12,3,Groundnut,17.75,41.43,11.05,ADILABAD
24760522,181000,no,0,7.25,2023,18,5,Chilli,4.75,42.05,10.14,MANCHERIAL
24793746,245000,no,0,7.5,2024,12,3,Chilli,5.5,41.56,13.78,WARANGAL RURAL
24476860,314000,no,0,7,2023,18,6,Paddy,5,42.53,12.48,KARIMNAGAR
24396346,12000,no,0,7.5,2024,18,6,Maize,0.5,44.94,11.83,SANGAREDDY
24856567,416000,no,0,7.15,2024,18,4,Bengal gram,7.75,42.29,15.49,BHADRADRI
24398164,714000,no,0,7,2024,12,2,Bengal gram,24,43.37,15.19,WANAPARTHY
24237520,180000,yes,154000,7,2024,18,3,Paddy,6,42.66,14.78,WARANGAL URBAN
24147042,23000,yes,166000,7.15,2024,12,4,Groundnut,1.25,42.83,13.34,MEDCHAL MALKAJG
24126214,618000,no,0,7.25,2024,12,6,Groundnut,10.5,44.38,14.91,JOGULAMBA
24125353,636000,yes,58000,7.15,2023,18,6,Chilli,17.25,41.9,11.11,JOGULAMBA
24238498,1152000,no,0,7.15,2023,12,2,Chilli,16.25,42.9,15.73,MAHABUBNAGAR
24898068,561000,no,0,7.15,2024,12,3,Bengal gram,18,44.57,11.79,NIRMAL
24754188,48000,yes,165000,7.15,2024,18,6,Maize,1.25,41.5,14.39,NIRMAL
24589193,1169000,yes,102000,7.15,2024,18,5,Bengal gram,13.5,41.98,10.45,NALGONDA
24866809,96000,yes,129000,7.25,2024,18,2,Groundnut,2.75,40.26,10.8,NIZAMABAD
24322069,1035000,no,0,7,2023,18,2,Maize,18.75,41.32,14.72,WARANGAL URBAN
24624900,506000,yes,15000,7.25,2023,18,4,Maize,20,43.86,12.08,SURYAPET
24825082,288000,no,0,7.15,2023,12,4,Paddy,8,40.31,10.63,YADADRI
24191204,432000,no,0,7,2024,18,4,Chilli,4.5,41.22,14.23,JAYASHANKAR
24157961,887000,yes,85000,7,2023,12,6,Maize,21,44.28,13.44,WANAPARTHY
24142506,1145000,yes,141000,7,2023,12,7,Bengal gram,18.5,43.35,10.42,MEDAK
24448172,597000,yes,186000,7.5,2024,12,2,Groundnut,13.75,40.07,11.5,RAJANNA
24810248,520000,yes,148000,7.25,2023,12,3,Chilli,12.5,44.93,13.7,HYDERABAD
24274305,662000,yes,193000,7.25,2023,12,5,Bengal gram,11,43.37,14.11,BHADRADRI
24913477,1153000,no,0,7.25,2023,18,6,Groundnut,17,42.99,14.73,JOGULAMBA
24776007,184000,yes,166000,7.15,2024,12,6,Bengal gram,7.25,43.76,10.69,NIRMAL
24240192,165000,no,0,7.25,2023,12,3,Bengal gram,9,43.41,11.99,WANAPARTHY
24945178,909000,yes,129000,7.5,2024,18,6,Chilli,15,41.99,13.3,KHAMMAM
24436794,851000,no,0,7.5,2024,12,3,Groundnut,23.5,42.85,10.82,JAYASHANKAR
24427779,741000,no,0,7.25,2023,18,7,Bengal gram,18.75,44.93,15.07,NALGONDA
24811897,57000,yes,200000,7.5,2023,18,3,Maize,3,44.08,11.59,WARANGAL RURAL
24823250,1079000,yes,116000,7.25,2023,18,2,Chilli,12.75,42.65,14.87,JANGAON
24356344,252000,no,0,7.5,2023,18,6,Paddy,9.5,42.94,10.41,NIZAMABAD
24623474,1167000,yes,68000,7,2023,12,6,Maize,19.25,43,10.72,NIZAMABAD
24548276,89000,no,0,7,2023,12,5,Groundnut,3,41.62,13.47,BHADRADRI
24539006,975000,yes,142000,7.15,2024,12,3,Maize,10.25,40.44,11.6,RAJANNA
24558396,121000,no,0,7,2024,18,5,Bengal gram,7.5,40.22,11.43,JANGAON
24625896,720000,no,0,7.15,2024,12,7,Paddy,10.5,43.35,11.42,NIZAMABAD
24547762,704000,yes,181000,7,2023,18,5,Chilli,22.25,43.94,15.07,SURYAPET
24130105,457000,no,0,7.5,2023,12,7,Paddy,8.75,44.08,14.23,WARANGAL URBAN
24584248,1072000,yes,152000,7.15,2023,12,5,Maize,22,40.54,14.93,NIZAMABAD
24435399,1066000,no,0,7.5,2024,12,4,Paddy,21,40.71,14.93,KAMAREDDY
24897930,471000,no,0,7.5,2024,18,2,Groundnut,5,43.41,12.11,SIDDIPET
24477116,378000,yes,67000,7.15,2023,12,3,Bengal gram,7,40.56,15.82,YADADRI
24392504,107000,yes,114000,7,2024,12,6,Bengal gram,8,41.05,10.81,JANGAON
24767282,439000,no,0,7,2024,12,4,Groundnut,6.5,42.54,12.94,NIZAMABAD
24558435,944000,no,0,7.5,2024,18,4,Bengal gram,20.75,43.53,10.16,WARANGAL URBAN
24737100,472000,no,0,7.25,2023,12,4,Chilli,4.75,40.36,15.71,WARANGAL URBAN
24148851,11000,no,0,7.25,2024,12,6,Bengal gram,1.5,44.81,12.8,MEDCHAL MALKAJG
24946125,874000,no,0,7.15,2023,18,4,Bengal gram,24,40.59,11.44,HYDERABAD
24471510,66000,no,0,7.5,2024,12,4,Maize,1.75,42.46,13.1,SURYAPET
24444064,794000,yes,66000,7.15,2024,18,6,Paddy,11.5,43.99,13.32,SURYAPET
24159530,981000,no,0,7.15,2024,18,2,Bengal gram,14,42.52,14.16,MAHABUBNAGAR
24612707,584000,yes,46000,7,2023,18,7,Maize,22.75,42.82,12.69,PEDDAPALLI
24556582,100000,yes,198000,7,2023,12,4,Groundnut,8.75,43.6,15.88,WARANGAL URBAN
24597371,768000,no,0,7.5,2023,18,3,Chilli,20.5,40.83,14.72,SURYAPET
24536665,985000,yes,168000,7.25,2023,18,2,Groundnut,15.5,44.33,10.02,WARANGAL URBAN
24489062,962000,yes,114000,7,2023,18,6,Chilli,21.5,41.77,13.11,JAYASHANKAR
24414259,703000,no,0,7.15,2023,18,2,Maize,22.25,40.34,14.62,JAGTIAL
24682818,785000,yes,149000,7.25,2024,18,2,Groundnut,19.25,41.62,12.31,YADADRI
24102098,645000,no,0,7,2023,12,5,Maize,15.25,43.28,14.81,PEDDAPALLI
24475026,60000,no,0,7.15,2024,18,6,Chilli,2,40.29,10.19,PEDDAPALLI
24662022,854000,no,0,7,2023,12,2,Bengal gram,11.75,44.41,12.52,KHAMMAM
24560820,613000,no,0,7,2023,18,6,Maize,12.25,42.22,12.72,NALGONDA
24565579,726000,no,0,7,2023,18,7,Paddy,10.75,41.63,10.88,NIZAMABAD
24506134,40000,yes,78000,7.15,2023,18,4,Bengal gram,0.5,41.84,12.09,NALGONDA
24356128,961000,no,0,7.15,2023,18,6,Bengal gram,15.5,40.09,14.26,SIDDIPET
24400516,485000,yes,176000,7,2024,18,2,Paddy,6,44.5,15.29,WARANGAL URBAN
24647181,1146000,yes,40000,7.15,2023,18,6,Groundnut,17.5,42.02,10.38,MAHABUBABAD
24440073,1150000,no,0,7,2024,18,5,Paddy,19.25,42.13,14.64,WARANGAL URBAN
24271714,129000,yes,103000,7.5,2023,12,7,Bengal gram,5.5,42.8,11.42,HYDERABAD
24485249,1130000,yes,132000,7.25,2023,12,5,Groundnut,22.75,42.81,11.48,MAHABUBABAD
24582956,600000,yes,19000,7.15,2024,12,5,Groundnut,11.75,41.08,13.31,SIDDIPET
24724399,466000,no,0,7,2024,18,7,Chilli,3.25,40.25,15.22,VIKARABAD
24578326,1185000,yes,157000,7,2023,18,7,Paddy,10.5,42.37,14.45,MAHABUBABAD
24192311,948000,no,0,7.5,2024,18,7,Bengal gram,20,44.25,10.75,BHADRADRI
24462380,1032000,no,0,7,2023,18,6,Maize,20.25,40.66,15.05,VIKARABAD
24423329,109000,no,0,7.25,2024,18,2,Chilli,6.5,44.89,14.97,YADADRI
24537254,621000,no,0,7.15,2024,18,4,Maize,14.25,43.48,14.49,WARANGAL RURAL
24984605,716000,yes,132000,7.5,2024,12,3,Groundnut,22.5,40.49,10.65,RANGAREDDY
24301990,47000,no,0,7,2024,18,4,Bengal gram,2.75,41.37,11.11,SURYAPET
24665862,619000,yes,58000,7,2023,12,7,Bengal gram,16.75,40.28,14.72,WANAPARTHY
24456262,1036000,no,0,7,2024,12,5,Paddy,11.5,44.54,14.02,NALGONDA
24407531,549000,yes,196000,7.5,2024,12,7,Bengal gram,20.25,42.61,14.64,BHADRADRI
24162834,516000,no,0,7.15,2024,18,2,Bengal gram,23.5,43.03,10.32,BHADRADRI
24617461,16000,no,0,7.25,2024,18,7,Paddy,1,40.12,12.4,PEDDAPALLI
24586782,885000,yes,97000,7.25,2024,18,7,Paddy,17.5,44.36,11.84,SURYAPET
24184338,64000,yes,22000,7,2024,12,6,Bengal gram,2,41.66,15.41,PEDDAPALLI
24975186,844000,yes,173000,7,2024,12,6,Bengal gram,20.25,40.28,12.27,WANAPARTHY
24390050,186000,yes,64000,7.15,2023,18,2,Chilli,7.25,43,11.45,KAMAREDDY
24697324,851000,no,0,7,2023,18,2,Maize,13.75,44.45,10.38,ADILABAD
24203069,815000,yes,118000,7.25,2023,12,7,Chilli,13.75,41.66,10.5,MAHABUBNAGAR
24875689,781000,no,0,7.15,2024,12,5,Chilli,22.5,43.93,13.38,NALGONDA
24370963,864000,no,0,7.5,2023,12,5,Groundnut,21,42.39,11.15,KAMAREDDY
24715368,235000,no,0,7.5,2024,12,2,Bengal gram,9.75,41.94,15.52,MAHABUBNAGAR
24450836,873000,yes,74000,7.15,2024,12,5,Chilli,11.5,41.69,11.12,SANGAREDDY
24812885,1144000,no,0,7,2023,12,7,Bengal gram,24.25,41.32,15.15,JOGULAMBA
24790411,981000,no,0,7.25,2024,18,3,Chilli,18.5,40.04,11.9,HYDERABAD
24165323,81000,no,0,7.15,2024,12,7,Groundnut,2,42.35,10.92,WANAPARTHY
24590063,453000,yes,131000,7.15,2023,12,6,Bengal gram,4.5,40.6,14.72,KHAMMAM
24242398,688000,yes,143000,7,2024,18,5,Maize,14,43.32,15.1,YADADRI
24319724,96000,no,0,7.25,2023,12,5,Groundnut,2,40.13,14.42,YADADRI
24966066,1151000,yes,136000,7.25,2024,18,5,Paddy,12.75,41.36,12.48,NIRMAL
24147449,797000,yes,104000,7.5,2024,12,2,Maize,15.25,42.08,14.09,VIKARABAD
24452781,1074000,yes,75000,7.5,2023,18,7,Chilli,10.75,45,15.44,MAHABUBNAGAR
24214910,642000,no,0,7.15,2024,12,7,Bengal gram,22.25,42.43,15.32,NIRMAL
24660732,1094000,yes,120000,7.25,2023,12,3,Bengal gram,15,43.22,10.59,KAMAREDDY
24939916,810000,yes,18000,7,2024,12,7,Maize,20.75,41.4,10.41,NALGONDA
24175881,713000,no,0,7,2023,12,5,Paddy,16.5,42.58,12.95,WARANGAL URBAN
24242549,471000,yes,86000,7.15,2023,18,3,Bengal gram,10,41.33,13,VIKARABAD
24211204,814000,no,0,7.15,2024,18,3,Paddy,22.75,40.28,11.85,MEDAK
24316624,16000,yes,144000,7.25,2023,18,2,Paddy,1.75,41.52,11.91,JOGULAMBA
24781512,253000,yes,122000,7,2024,18,5,Groundnut,4.25,42.72,15.18,SANGAREDDY
24600634,1106000,no,0,7.5,2024,18,3,Maize,16.25,40.77,13.19,JOGULAMBA
24435006,906000,yes,137000,7.5,2024,18,5,Maize,13,43.55,11.09,HYDERABAD
24631845,62000,no,0,7.5,2023,12,5,Maize,0.75,43.12,14.97,WARANGAL RURAL
24211551,79000,yes,22000,7.25,2023,12,7,Chilli,3,42.93,15.51,NALGONDA
24308357,202000,no,0,7.25,2024,12,4,Maize,7.75,43.41,10.3,MANCHERIAL
24930501,1077000,no,0,7.15,2024,12,6,Bengal gram,16.5,41.66,12.07,SIDDIPET
24967953,759000,yes,165000,7,2024,12,5,Bengal gram,24.25,44.3,15.11,NIZAMABAD
24243455,46000,yes,32000,7.5,2024,18,7,Maize,2.75,40.74,13.36,NAGARKURNOOL
24278528,784000,yes,43000,7,2024,12,2,Bengal gram,23.25,40.93,11.88,KARIMNAGAR
24790672,80000,yes,102000,7.25,2023,12,7,Groundnut,3,43.81,15.25,KHAMMAM
24303040,1126000,yes,150000,7,2024,12,6,Chilli,23.75,44.91,13.16,KAMAREDDY
24394974,572000,yes,36000,7.5,2024,18,2,Chilli,22.25,43.15,12.66,SURYAPET
24520234,355000,yes,189000,7,2023,18,2,Paddy,4.25,44.59,12.4,NIRMAL
24421932,1028000,yes,77000,7.5,2024,18,2,Paddy,20.5,41.29,10.01,NIZAMABAD
24706016,325000,yes,146000,7.25,2024,18,4,Chilli,6.75,43.73,15.35,WARANGAL RURAL
24851005,221000,yes,107000,7.15,2023,12,6,Maize,5.25,43.04,12.12,BHADRADRI
24860154,1180000,no,0,7.5,2024,18,2,Maize,19.5,44.42,13.48,SURYAPET
24298631,326000,yes,78000,7.15,2024,12,7,Groundnut,10,40.36,12.34,VIKARABAD
24567094,224000,yes,108000,7.5,2024,18,7,Chilli,6.75,41.06,11.72,NIZAMABAD
24223283,215000,yes,93000,7.15,2023,18,4,Bengal gram,9.5,41.24,10.79,YADADRI
24380965,237000,yes,149000,7.25,2023,12,6,Bengal gram,3.25,43.19,12.6,RAJANNA
24397764,311000,yes,99000,7,2024,18,7,Paddy,6,44.71,11.84,PEDDAPALLI
24804639,608000,yes,68000,7.5,2024,12,2,Chilli,15.75,41.62,10.81,MAHABUBABAD
24724100,450000,yes,65000,7.5,2023,12,2,Paddy,7.5,43.49,13.82,JAGTIAL
24339365,513000,no,0,7.5,2023,18,5,Groundnut,16.75,43.19,10.31,HYDERABAD
24115708,932000,no,0,7.25,2024,12,6,Paddy,10.25,43.74,14.29,WARANGAL URBAN
24348268,92000,yes,176000,7.5,2023,12,7,Groundnut,3,42.32,10.27,RANGAREDDY
24846579,216000,yes,45000,7.25,2023,12,3,Chilli,10,41.87,15.19,ADILABAD
24865836,753000,yes,183000,7.15,2024,18,2,Groundnut,17.5,44.05,14.93,SURYAPET
24790150,89000,no,0,7,2023,18,2,Paddy,2.25,43.49,12.26,SIDDIPET
24650023,459000,yes,111000,7.15,2023,18,2,Chilli,3.25,40.35,15.08,MEDAK
24578388,767000,yes,67000,7,2024,18,5,Paddy,15.75,41.61,15.37,ADILABAD
24974909,690000,no,0,7,2024,18,7,Bengal gram,14.25,43.42,10.83,KARIMNAGAR
24576160,121000,no,0,7.15,2024,12,5,Maize,3.25,41.82,11.87,VIKARABAD
24251255,999000,yes,193000,7.5,2023,12,5,Groundnut,23.75,43.21,12.87,JANGAON
24983407,662000,no,0,7.5,2023,12,6,Groundnut,10.25,44.8,15.11,WARANGAL URBAN
24689564,835000,no,0,7.15,2024,12,4,Maize,18.25,44.12,15.71,NIZAMABAD
24619811,176000,yes,75000,7.25,2024,12,6,Groundnut,3.25,43.84,15.81,RANGAREDDY
24399581,1053000,yes,105000,7,2023,12,4,Groundnut,17.25,43.45,13.33,SIDDIPET
24242480,337000,no,0,7,2024,18,3,Bengal gram,6.25,44.48,10.4,PEDDAPALLI
24372240,462000,no,0,7,2024,18,6,Chilli,6.25,41.22,15.75,NIRMAL
24142441,1079000,no,0,7,2024,12,7,Groundnut,12.25,40.04,13.99,PEDDAPALLI
24206068,1027000,yes,199000,7,2024,18,7,Bengal gram,25,41.79,14.01,JAYASHANKAR
24132884,169000,no,0,7.5,2024,18,7,Groundnut,7.5,40.68,13.39,KAMAREDDY
24551301,698000,yes,189000,7.25,2023,12,7,Chilli,11.5,43.15,11.65,HYDERABAD
24664991,44000,no,0,7,2023,18,2,Bengal gram,0.5,40.14,14.12,NIZAMABAD
24723416,149000,yes,53000,7.25,2024,18,3,Groundnut,8.25,42.52,14.67,BHADRADRI
24450768,318000,yes,164000,7.15,2024,18,2,Bengal gram,8.75,42,15.89,SURYAPET
24945685,351000,yes,22000,7.25,2023,18,4,Maize,9.75,43.38,15.87,WANAPARTHY
24267433,185000,no,0,7.5,2023,12,5,Groundnut,4,43.53,14.99,MANCHERIAL
24547678,488000,yes,131000,7.25,2023,12,4,Paddy,7.75,40.48,15.16,RANGAREDDY
24388847,35000,yes,98000,7.25,2023,12,6,Chilli,1.75,44.57,11.08,KOMARAM BHEEM
24223622,252000,yes,122000,7.15,2024,18,7,Groundnut,8.75,40.38,10.37,NALGONDA
24418670,467000,no,0,7,2024,18,3,Groundnut,8.75,42.09,13.11,JOGULAMBA
24256065,765000,yes,124000,7.25,2024,12,7,Paddy,18.75,43.1,11.67,RAJANNA
